npy,label,split,marco,x0,y0,x1,y1,fps,dataset_tipo,clip_origen
L04__todo_showroom__accion___4___showroom_ROBO_BONI_2_2024-12-17_12-10-28_obvio_testTOMA_DE_DATOS_2_228__-corto-termino..npy,4,train,1.079,795,115,1019,339,25,todo_showroom,accion___4___showroom_ROBO_BONI_2_2024-12-17_12-10-28_obvio_testTOMA_DE_DATOS_2_228__-corto-termino..mp4
L14__ainhoa__accion___14___OCT04_primera_t1_504__-corte-guardo.__metadata-informacion.-Zona-centro-1.-Robo-abrigo..npy,14,val,1.062,873,152,1091,370,25,ainhoa,accion___14___OCT04_primera_t1_504__-corte-guardo.__metadata-informacion.-Zona-centro-1.-Robo-abrigo..mp4
L48__dia__accion___7___JUAN15ABRILtestcamara_2_8__Corte-hurgar._JUAN11.npy,48,train,1.098,797,111,998,312,25,dia,accion___7___JUAN15ABRILtestcamara_2_8__Corte-hurgar._JUAN11.mp4
"L04__todo_showroom__accion___4___showroom_ROBO_JOSE_1_2024-12-16_13-02-13_obvio_testTOMA_DE_DATOS_3_194__-Corte,-termino..npy",4,train,1.055,878,140,1300,562,25,todo_showroom,"accion___4___showroom_ROBO_JOSE_1_2024-12-16_13-02-13_obvio_testTOMA_DE_DATOS_3_194__-Corte,-termino..mp4"
L11__ainhoa__accion___11___OCT09_t4_98__-Corte--Agarra__metadata-informacion.-Zona-norte-4.-Robo-bolso..npy,11,val,1.024,777,172,1048,443,25,ainhoa,accion___11___OCT09_t4_98__-Corte--Agarra__metadata-informacion.-Zona-norte-4.-Robo-bolso..mp4
L11__ainhoa__accion___11___OCT03_primera_t4_389__-Corte--Agarro__metadata-informacion.-Zona-norte-4.-Robo-bolso..npy,11,val,1.052,783,173,1065,455,25,ainhoa,accion___11___OCT03_primera_t4_389__-Corte--Agarro__metadata-informacion.-Zona-norte-4.-Robo-bolso..mp4
"L02__ainhoa__accion___2___SEP30_t1_1140__-Corte,-dejo.__metadata-informacion,-zona-norte-1-Objeto,-camisa-Categoria-textil-Robo-bolso.npy",2,train,1.033,963,238,1274,549,25,ainhoa,"accion___2___SEP30_t1_1140__-Corte,-dejo.__metadata-informacion,-zona-norte-1-Objeto,-camisa-Categoria-textil-Robo-bolso.mp4"
"L48__dia__accion___48___MIGUEL1testcamara_3_76__Corte,-manipulo_JOSESEC1.npy",48,train,1.091,546,414,824,692,25,dia,"accion___48___MIGUEL1testcamara_3_76__Corte,-manipulo_JOSESEC1.mp4"
"L03__dia__accion___3___JUAN15ABRILtestcamara_1_6__Corte,-sacar._JUAN2.npy",3,train,1.098,812,73,1068,329,25,dia,"accion___3___JUAN15ABRILtestcamara_1_6__Corte,-sacar._JUAN2.mp4"
"L02__ainhoa__accion___2___SEP26_primera_t3_945__-corte,-dejo.__metadata-informacion-Zona-norte-3-Objeto-pantalon-Categoria-textil-Robo-bolso.npy",2,train,1.07,833,77,1096,340,25,ainhoa,"accion___2___SEP26_primera_t3_945__-corte,-dejo.__metadata-informacion-Zona-norte-3-Objeto-pantalon-Categoria-textil-Robo-bolso.mp4"
"L48__todo_showroom__accion___14___showroom_ROBO_MIGUEL_1_2024-12-18_16-51-43_no_obvio_testTOMA_DE_DATOS_1_26__-Corte,-termino..npy",48,train,1.073,887,113,1126,352,25,todo_showroom,"accion___14___showroom_ROBO_MIGUEL_1_2024-12-18_16-51-43_no_obvio_testTOMA_DE_DATOS_1_26__-Corte,-termino..mp4"
"L47__dia__accion___42___MIGUEL1testcamara_4_69__Corte,-caminar_MIGUEL3.npy",47,train,1.063,535,123,1173,761,25,dia,"accion___42___MIGUEL1testcamara_4_69__Corte,-caminar_MIGUEL3.mp4"
L04__todo_showroom__accion___4___showroom_ROBO_JOSE_2_2024-12-20_12-37-49_obvio_testTOMA_DE_DATOS_1_135__-corte-termino.npy,4,val,1.064,936,162,1243,469,25,todo_showroom,accion___4___showroom_ROBO_JOSE_2_2024-12-20_12-37-49_obvio_testTOMA_DE_DATOS_1_135__-corte-termino.mp4
"L40__ainhoa__accion___40___corrert3_19__-corte,-correr.npy",40,val,1.075,391,77,1348,1034,25,ainhoa,"accion___40___corrert3_19__-corte,-correr.mp4"
L11__dia__accion___24___JUAN15ABRILtestcamara_4_136__Corte-bajar-mano._JUAN12.npy,11,train,1.039,327,154,668,495,25,dia,accion___24___JUAN15ABRILtestcamara_4_136__Corte-bajar-mano._JUAN12.mp4
L13__ainhoa__accion___13___OCT04_primera_t1_168__-Corte-saco.__metadata-informacion.-Zona-norte-4.-Robo-abrigo..npy,13,train,1.049,613,157,836,380,25,ainhoa,accion___13___OCT04_primera_t1_168__-Corte-saco.__metadata-informacion.-Zona-norte-4.-Robo-abrigo..mp4
L02__dia__accion___2___MIGUEL1testcamara_1_60__Corte-carrito_JOSESEC2.npy,2,train,1.042,712,107,956,351,25,dia,accion___2___MIGUEL1testcamara_1_60__Corte-carrito_JOSESEC2.mp4
L04__todo_showroom__accion___4___showroom_ROBO_BONI_2_2024-12-17_12-10-28_no-obvio_testTOMA_DE_DATOS_2_410__-corte-y-termino.npy,4,train,1.026,986,162,1225,401,25,todo_showroom,accion___4___showroom_ROBO_BONI_2_2024-12-17_12-10-28_no-obvio_testTOMA_DE_DATOS_2_410__-corte-y-termino.mp4
L04__todo_showroom__accion___4___showroom_ROBO_BONI_2_2024-12-17_12-10-28_no-obvio_testTOMA_DE_DATOS_1_45__-corto-termino.npy,4,val,1.036,883,154,1213,484,25,todo_showroom,accion___4___showroom_ROBO_BONI_2_2024-12-17_12-10-28_no-obvio_testTOMA_DE_DATOS_1_45__-corto-termino.mp4
L13__ainhoa__accion___13___OCT10_bolsillost3_126__-Corte-Saco.npy,13,train,1.07,913,123,1215,425,25,ainhoa,accion___13___OCT10_bolsillost3_126__-Corte-Saco.mp4
L11__dia__accion___11___MIGUEL1testcamara_3_403__Corte-agarro_JOSESEC3.npy,11,val,1.068,627,244,1145,762,25,dia,accion___11___MIGUEL1testcamara_3_403__Corte-agarro_JOSESEC3.mp4
L14__ainhoa__accion___14___OCT04_primera_t4_1136__-Corte-guardo.__metadata-informacion.-Zona-sur-1.-Robo-abrigo..npy,14,val,1.021,602,633,1042,1073,25,ainhoa,accion___14___OCT04_primera_t4_1136__-Corte-guardo.__metadata-informacion.-Zona-sur-1.-Robo-abrigo..mp4
L13__ainhoa__accion___13___OCT04_primera_t1_1060__-corte-saco.__metadata-informacion.-Zona-Sur-1..npy,13,val,1.022,650,101,813,264,25,ainhoa,accion___13___OCT04_primera_t1_1060__-corte-saco.__metadata-informacion.-Zona-Sur-1..mp4
L14__ainhoa__accion___14___OCT10_bolsost3_414__-corte-guardo.__metadata-informacion.-Zona-norte-2.-Robo-bolso..npy,14,train,1.038,534,159,837,462,25,ainhoa,accion___14___OCT10_bolsost3_414__-corte-guardo.__metadata-informacion.-Zona-norte-2.-Robo-bolso..mp4
"L02__dia__accion___2___MIGUEL1testcamara_2_252__Corte,-carrito_JOSESEC2.npy",2,train,1.099,801,139,1066,404,25,dia,"accion___2___MIGUEL1testcamara_2_252__Corte,-carrito_JOSESEC2.mp4"
L40__ainhoa__accion___40___corrert2_158__-Vida..npy,40,train,1.041,770,127,1196,553,25,ainhoa,accion___40___corrert2_158__-Vida..mp4
L48__dia__accion___7___JUAN15ABRILtestcamara_4_139__Corte-hurgar._JUAN12.npy,48,train,1.05,339,145,678,484,25,dia,accion___7___JUAN15ABRILtestcamara_4_139__Corte-hurgar._JUAN12.mp4
L48__dia_guardar__accion___4___no_obvioJUAN15ABRILtestcamara_1_122__Corte-guardar_JOSE2.npy,48,train,1.05,854,131,1271,548,25,dia_guardar,accion___4___no_obvioJUAN15ABRILtestcamara_1_122__Corte-guardar_JOSE2.mp4
L14__ainhoa__accion___14___OCT04_primera_t3_1283__-Corte-guardo.__metadata-informacion.-Zona-norte-4.-Robo-abrigo..npy,14,train,1.02,875,132,1155,412,25,ainhoa,accion___14___OCT04_primera_t3_1283__-Corte-guardo.__metadata-informacion.-Zona-norte-4.-Robo-abrigo..mp4
L04__todo_showroom__accion___4___showroom_ROBO_JOSE_2_2024-12-20_12-37-49_obvio_testTOMA_DE_DATOS_2_37__.npy,4,train,1.034,918,243,1279,604,25,todo_showroom,accion___4___showroom_ROBO_JOSE_2_2024-12-20_12-37-49_obvio_testTOMA_DE_DATOS_2_37__.mp4
L02__dia__accion___2___JUAN15ABRILtestcamara_1_45__Corte-carrito_AINHOA1.npy,2,val,1.082,844,170,1095,421,25,dia,accion___2___JUAN15ABRILtestcamara_1_45__Corte-carrito_AINHOA1.mp4
L46__dia__accion___46___JUAN15ABRILtestcamara_4_276__Corte-dar-vueltas._JOSE2.npy,46,train,1.026,273,100,783,610,25,dia,accion___46___JUAN15ABRILtestcamara_4_276__Corte-dar-vueltas._JOSE2.mp4
"L04__dia_guardar__accion___4___obvioMIGUEL1testcamara_3_87__Corte,-guardo_JOSESEC2.npy",4,train,1.058,715,72,1035,392,25,dia_guardar,"accion___4___obvioMIGUEL1testcamara_3_87__Corte,-guardo_JOSESEC2.mp4"
L11__dia__accion___9___MIGUEL1testcamara_4_52__Korte-topar_ainhoa1.npy,11,val,1.007,144,389,501,746,25,dia,accion___9___MIGUEL1testcamara_4_52__Korte-topar_ainhoa1.mp4
"L04__todo_showroom__accion___4___showroom_ROBO_MIGUEL_1_2024-12-18_16-51-43_obvio_testTOMA_DE_DATOS_3_188__-Corte,-termino..npy",4,train,1.004,1159,292,1670,803,25,todo_showroom,"accion___4___showroom_ROBO_MIGUEL_1_2024-12-18_16-51-43_obvio_testTOMA_DE_DATOS_3_188__-Corte,-termino..mp4"
L02__ainhoa__accion___2___SEP30_t2_143__-Corte-nejo.__metadata-informacion-Zona-sur-1-Objeto-falda-Categoria-textil-Robo-abrigo.npy,2,train,1.002,833,128,1001,296,25,ainhoa,accion___2___SEP30_t2_143__-Corte-nejo.__metadata-informacion-Zona-sur-1-Objeto-falda-Categoria-textil-Robo-abrigo.mp4
L10__ainhoa__accion___10___OCT09_t2_5__-Corte-sostengo__metadata-informacion.-Zona-norte-3.-Robo-bolso..npy,10,val,1.016,574,277,854,557,25,ainhoa,accion___10___OCT09_t2_5__-Corte-sostengo__metadata-informacion.-Zona-norte-3.-Robo-bolso..mp4
L03__ainhoa__accion___3___OCT01_primera_t1_300__-Corte-Saco__metadata-informacion-Zona-norte-2-Objeto-camiseta-Categoria-textil-Robo-bolsillo.npy,3,train,1.097,876,145,1105,374,25,ainhoa,accion___3___OCT01_primera_t1_300__-Corte-Saco__metadata-informacion-Zona-norte-2-Objeto-camiseta-Categoria-textil-Robo-bolsillo.mp4
L48__dia__accion___7___JUAN15ABRILtestcamara_1_230__Corte-hurgar._JUAN10.npy,48,train,1.05,597,101,869,373,25,dia,accion___7___JUAN15ABRILtestcamara_1_230__Corte-hurgar._JUAN10.mp4
"L13__ainhoa__accion___13___OCT09_t4_494__-Corte,-saco.__metadata-informacion.-Zona-Centro-1.-Robo-bolso..npy",13,train,1.081,312,258,641,587,25,ainhoa,"accion___13___OCT09_t4_494__-Corte,-saco.__metadata-informacion.-Zona-Centro-1.-Robo-bolso..mp4"
L48__todo_showroom__accion___14___showroom_ROBO_BONI_1_2024-12-17_10-57-57_no_obvio_testTOMA_DE_DATOS_3_128__-corto-termino.npy,48,train,1.075,837,69,1314,546,25,todo_showroom,accion___14___showroom_ROBO_BONI_1_2024-12-17_10-57-57_no_obvio_testTOMA_DE_DATOS_3_128__-corto-termino.mp4
L04__todo_showroom__accion___4___showroom_ROBO_BONI_3_2024-12-18_09-06-24_obvio_testTOMA_DE_DATOS_3_213__-Corto.-Termino..npy,4,train,1.054,374,252,935,813,25,todo_showroom,accion___4___showroom_ROBO_BONI_3_2024-12-18_09-06-24_obvio_testTOMA_DE_DATOS_3_213__-Corto.-Termino..mp4
L12__dia__accion___12___MIGUEL1testcamara_3_65__Corte-carrito_MIGUEL3.npy,12,train,1.048,810,97,1183,470,25,dia,accion___12___MIGUEL1testcamara_3_65__Corte-carrito_MIGUEL3.mp4
L13__ainhoa__accion___13___OCT10_bolsost3_430__-corte-saco.__metadata-informacion.-Zona-norte-1.-Robo-bolso..npy,13,train,1.059,533,106,795,368,25,ainhoa,accion___13___OCT10_bolsost3_430__-corte-saco.__metadata-informacion.-Zona-norte-1.-Robo-bolso..mp4
"L11__dia__accion___9___JUAN15ABRILtestcamara_4_38__Corte,-topar._AINHOA2.npy",11,val,1.066,488,231,828,571,25,dia,"accion___9___JUAN15ABRILtestcamara_4_38__Corte,-topar._AINHOA2.mp4"
L47__dia__accion___47___JUAN15ABRILtestcamara_3_81__Corte-empujo-empujo._JUAN7.npy,47,train,1.051,802,79,1617,894,25,dia,accion___47___JUAN15ABRILtestcamara_3_81__Corte-empujo-empujo._JUAN7.mp4
"L48__ainhoa__accion___4___no_obvio_SEP30_t3_1008__-Corte-guardo.__metadata-informacion,-zona-sur-2-Objeto-pantalon-Categoria-textil-Robo-bolso.npy",48,train,1.086,578,421,1043,886,25,ainhoa,"accion___4___no_obvio_SEP30_t3_1008__-Corte-guardo.__metadata-informacion,-zona-sur-2-Objeto-pantalon-Categoria-textil-Robo-bolso.mp4"
L06__ainhoa__accion___6___n.segunda_17.2_51__-Corte.-17..npy,6,train,1.041,658,0,980,322,25,ainhoa,accion___6___n.segunda_17.2_51__-Corte.-17..mp4
"L01__dia__accion___1___MIGUEL1testcamara_2_346__Corte,-agarrar_MIGUEL2.npy",1,val,1.064,1044,147,1277,380,25,dia,"accion___1___MIGUEL1testcamara_2_346__Corte,-agarrar_MIGUEL2.mp4"
"L24__ainhoa__accion___24___relojt4_17__-Corte,-bajar.__metadata-informno-metadata.npy",24,val,1.083,597,124,1009,536,25,ainhoa,"accion___24___relojt4_17__-Corte,-bajar.__metadata-informno-metadata.mp4"
L00__dia__accion___0___JUAN15ABRILtestcamara_4_104__Corte-leer._JUAN11.npy,0,train,1.042,122,354,556,788,25,dia,accion___0___JUAN15ABRILtestcamara_4_104__Corte-leer._JUAN11.mp4
L47__dia__accion___42___MIGUEL1testcamara_4_408__Corte-caminar._MIGUEL2.npy,47,train,1.072,439,173,879,613,25,dia,accion___42___MIGUEL1testcamara_4_408__Corte-caminar._MIGUEL2.mp4
"L04__todo_showroom__accion___4___showroom_ROBO_MIGUEL_1_2024-12-18_16-51-43_obvio_testTOMA_DE_DATOS_4_186__-Corte,-termino..npy",4,train,1.099,324,161,1107,944,25,todo_showroom,"accion___4___showroom_ROBO_MIGUEL_1_2024-12-18_16-51-43_obvio_testTOMA_DE_DATOS_4_186__-Corte,-termino..mp4"
L26__ainhoa__accion___26___saltar2t2_9__-Corte-Saltar-Corte-Saltar.npy,26,val,1.039,813,148,1060,395,25,ainhoa,accion___26___saltar2t2_9__-Corte-Saltar-Corte-Saltar.mp4
L12__dia__accion___12___MIGUEL1testcamara_2_285__Corte-carrito_MIGUEL5.npy,12,val,1.015,718,236,1059,577,25,dia,accion___12___MIGUEL1testcamara_2_285__Corte-carrito_MIGUEL5.mp4
"L11__dia__accion___24___JUAN15ABRILtestcamara_2_1__Corte,-bajar-mano._JUAN7.npy",11,val,1.063,1014,141,1272,399,25,dia,"accion___24___JUAN15ABRILtestcamara_2_1__Corte,-bajar-mano._JUAN7.mp4"
L12__dia__accion___12___MIGUEL1testcamara_2_309__corte-carrito_MIGUEL4.npy,12,train,1.035,796,233,1164,601,25,dia,accion___12___MIGUEL1testcamara_2_309__corte-carrito_MIGUEL4.mp4
"L04__todo_showroom__accion___4___showroom_ROBO_BONI_3_2024-12-18_09-06-24_obvio_testTOMA_DE_DATOS_2_250__-Corto,-termino..npy",4,train,1.049,822,115,1032,325,25,todo_showroom,"accion___4___showroom_ROBO_BONI_3_2024-12-18_09-06-24_obvio_testTOMA_DE_DATOS_2_250__-Corto,-termino..mp4"
L11__dia__accion___9___JUAN15ABRILtestcamara_1_22__Corte-topar_AINHOA4.npy,11,train,1.047,910,116,1104,310,25,dia,accion___9___JUAN15ABRILtestcamara_1_22__Corte-topar_AINHOA4.mp4
"L04__ainhoa__accion___4___obvio_OCT01_primera_t4_1397__-Corte,-guardo.__metadata-informacion-Zona-norte-2-Objeto-camiseta-Categoria-textil-Robo-bolsillo.npy",4,train,1.012,443,191,703,451,25,ainhoa,"accion___4___obvio_OCT01_primera_t4_1397__-Corte,-guardo.__metadata-informacion-Zona-norte-2-Objeto-camiseta-Categoria-textil-Robo-bolsillo.mp4"
"L33__ainhoa__accion___33___bailart2_63__-Corte,-bailar..npy",33,val,1.079,815,176,1169,530,25,ainhoa,"accion___33___bailart2_63__-Corte,-bailar..mp4"
L04__dia_guardar__accion___4___obvioJUAN15ABRILtestcamara_1_137__Corte-Guardar_AINHOA4.npy,4,train,1.08,800,154,966,320,25,dia_guardar,accion___4___obvioJUAN15ABRILtestcamara_1_137__Corte-Guardar_AINHOA4.mp4
"L04__todo_showroom__accion___4___showroom_ROBO_MIGUEL_1_2024-12-18_16-51-43_obvio_testTOMA_DE_DATOS_1_325__-Corte,-termino..npy",4,train,1.068,610,99,933,422,25,todo_showroom,"accion___4___showroom_ROBO_MIGUEL_1_2024-12-18_16-51-43_obvio_testTOMA_DE_DATOS_1_325__-Corte,-termino..mp4"
"L02__dia__accion___2___MIGUEL1testcamara_3_393__Corte,-dejo_JOSESEC1.npy",2,train,1.079,500,292,959,751,25,dia,"accion___2___MIGUEL1testcamara_3_393__Corte,-dejo_JOSESEC1.mp4"
"L48__todo_showroom__accion___14___showroom_ROBO_MIGUEL_1_2024-12-18_16-51-43_no_obvio_testTOMA_DE_DATOS_2_448__-corte,-termino.npy",48,train,1.044,942,175,1311,544,25,todo_showroom,"accion___14___showroom_ROBO_MIGUEL_1_2024-12-18_16-51-43_no_obvio_testTOMA_DE_DATOS_2_448__-corte,-termino.mp4"
"L14__ainhoa__accion___14___OCT03_primera_t4_397__-Corte,-guardo.__metadata-informacion.-Zona-norte-4.-Robo-bolso..npy",14,val,1.079,749,169,1038,458,25,ainhoa,"accion___14___OCT03_primera_t4_397__-Corte,-guardo.__metadata-informacion.-Zona-norte-4.-Robo-bolso..mp4"
"L31__ainhoa__accion___31___zapatot2_62__-Corte,-quitar..npy",31,train,1.093,892,142,1075,325,25,ainhoa,"accion___31___zapatot2_62__-Corte,-quitar..mp4"
L11__dia__accion___24___JUAN15ABRILtestcamara_4_209__Corte-bajar-mano._JUAN12.npy,11,train,1.094,595,122,986,513,25,dia,accion___24___JUAN15ABRILtestcamara_4_209__Corte-bajar-mano._JUAN12.mp4
L04__todo_showroom__accion___4___showroom_ROBO_MIGUEL_1_2024-12-18_16-51-43_obvio_testTOMA_DE_DATOS_3_346__-Termino..npy,4,val,1.022,448,107,861,520,25,todo_showroom,accion___4___showroom_ROBO_MIGUEL_1_2024-12-18_16-51-43_obvio_testTOMA_DE_DATOS_3_346__-Termino..mp4
L14__ainhoa__accion___14___OCT10_bolsillost2_227__-Corte-guardo..npy,14,train,1.089,1007,148,1184,325,25,ainhoa,accion___14___OCT10_bolsillost2_227__-Corte-guardo..mp4
"L01__dia__accion___1___MIGUEL1testcamara_2_389__Corte,-agarro_JOSESEC1.npy",1,train,1.042,774,121,1014,361,25,dia,"accion___1___MIGUEL1testcamara_2_389__Corte,-agarro_JOSESEC1.mp4"
L48__doblar_sobreponer__02-14-14-59-37 camara 3 - 37-504.npy,48,val,1.043,559,270,1029,740,8,doblar_sobreponer,02-14-14-59-37 camara 3 - 37-504.mp4
"L48__dia__accion___48___MIGUEL1testcamara_4_43__Corte,-manipulo_JOSESEC1.npy",48,train,1.073,226,264,665,703,25,dia,"accion___48___MIGUEL1testcamara_4_43__Corte,-manipulo_JOSESEC1.mp4"
"L12__dia__accion___12___MIGUEL1testcamara_4_25__Corte,-dejar_MIGUEL3.npy",12,train,1.029,123,343,540,760,25,dia,"accion___12___MIGUEL1testcamara_4_25__Corte,-dejar_MIGUEL3.mp4"
L48__dia__accion___48___MIGUEL1testcamara_1_256__corte-manipulo_JOSESEC1.npy,48,val,1.023,868,150,1017,299,25,dia,accion___48___MIGUEL1testcamara_1_256__corte-manipulo_JOSESEC1.mp4
"L00__ainhoa__accion___0___SEP26_primera_t4_513__-Corte,-sostengo.__metadata-informacion-Zona-Centro-2-Objeto-Camiseta-Categoria-Textil-Robo-bolso.npy",0,train,1.048,666,248,1000,582,25,ainhoa,"accion___0___SEP26_primera_t4_513__-Corte,-sostengo.__metadata-informacion-Zona-Centro-2-Objeto-Camiseta-Categoria-Textil-Robo-bolso.mp4"
"L01__dia__accion___1___JUAN15ABRILtestcamara_2_72__Corte,-agarrar._JUAN5.npy",1,train,1.003,739,178,1065,504,25,dia,"accion___1___JUAN15ABRILtestcamara_2_72__Corte,-agarrar._JUAN5.mp4"
"L47__dia__accion___42___MIGUEL1testcamara_3_42__Corte,-caminar._MIGUEL5.npy",47,train,1.096,385,53,1158,826,25,dia,"accion___42___MIGUEL1testcamara_3_42__Corte,-caminar._MIGUEL5.mp4"
L48__doblar_sobreponer__02-13-22-32-33 camara 2 - 33-540.npy,48,train,1.055,467,323,982,838,8,doblar_sobreponer,02-13-22-32-33 camara 2 - 33-540.mp4
L04__todo_showroom__accion___4___showroom_ROBO_BONI_1_2024-12-17_10-57-57_obvio_testTOMA_DE_DATOS_1_208__-corto-termino..npy,4,train,1.042,808,94,1047,333,25,todo_showroom,accion___4___showroom_ROBO_BONI_1_2024-12-17_10-57-57_obvio_testTOMA_DE_DATOS_1_208__-corto-termino..mp4
L40__ainhoa__accion___40___corrert1_74__-Corte-correcto..npy,40,train,1.044,654,97,828,271,25,ainhoa,accion___40___corrert1_74__-Corte-correcto..mp4
L48__ainhoa__accion___4___no_obvio_OCT01_primera_t4_649__-Corte-guardo.__metadata-informacion-Zona-centro-1-Objeto-camiseta-Categoria-textil-Robo-bolsillo.npy,48,train,1.006,360,268,663,571,25,ainhoa,accion___4___no_obvio_OCT01_primera_t4_649__-Corte-guardo.__metadata-informacion-Zona-centro-1-Objeto-camiseta-Categoria-textil-Robo-bolsillo.mp4
L11__dia__accion___9___JUAN15ABRILtestcamara_1_171__Corte-topar._JUAN11.npy,11,train,1.073,868,85,1119,336,25,dia,accion___9___JUAN15ABRILtestcamara_1_171__Corte-topar._JUAN11.mp4
"L48__ainhoa__accion___4___no_obvio_SEP26_primera_t4_396__-Corte,-guardo.__metadata-informacion-Zona-sur-3-Objeto-cinturon-Categoria-textil-Robo-bolso-Corte-inicio.npy",48,train,1.029,260,388,639,767,25,ainhoa,"accion___4___no_obvio_SEP26_primera_t4_396__-Corte,-guardo.__metadata-informacion-Zona-sur-3-Objeto-cinturon-Categoria-textil-Robo-bolso-Corte-inicio.mp4"
L47__dia__accion___42___MIGUEL1testcamara_2_435__Corte-caminar_MIGUEL2.npy,47,train,1.08,642,118,1040,516,25,dia,accion___42___MIGUEL1testcamara_2_435__Corte-caminar_MIGUEL2.mp4
L04__todo_showroom__accion___4___showroom_ROBO_MIGUEL_1_2024-12-18_16-51-43_obvio_testTOMA_DE_DATOS_3_134__-Corte-y-termino..npy,4,train,1.069,391,253,890,752,25,todo_showroom,accion___4___showroom_ROBO_MIGUEL_1_2024-12-18_16-51-43_obvio_testTOMA_DE_DATOS_3_134__-Corte-y-termino..mp4
L39__ainhoa__accion___39___chaquetat3_14__-Corte-quitar.npy,39,train,1.04,599,110,868,379,25,ainhoa,accion___39___chaquetat3_14__-Corte-quitar.mp4
"L42__ainhoa__accion___42___gafast1_77__-Corte,-quitar.npy",42,train,1.025,669,124,906,361,25,ainhoa,"accion___42___gafast1_77__-Corte,-quitar.mp4"
L04__todo_showroom__accion___4___showroom_ROBO_BONI_2_2024-12-17_12-10-28_obvio_testTOMA_DE_DATOS_4_149__-corto-termino.npy,4,train,1.014,219,270,580,631,25,todo_showroom,accion___4___showroom_ROBO_BONI_2_2024-12-17_12-10-28_obvio_testTOMA_DE_DATOS_4_149__-corto-termino.mp4
"L03__dia__accion___3___JUAN15ABRILtestcamara_2_114__Corte,-sacar._JUAN2.npy",3,train,1.048,962,129,1201,368,25,dia,"accion___3___JUAN15ABRILtestcamara_2_114__Corte,-sacar._JUAN2.mp4"
L31__ainhoa__accion___31___zapatot3_0__-Corte-e-inicio..npy,31,train,1.07,649,196,1025,572,25,ainhoa,accion___31___zapatot3_0__-Corte-e-inicio..mp4
"L34__ainhoa__accion___34___bolsot2_41__-corte,-dejo.npy",34,train,1.03,607,274,917,584,25,ainhoa,"accion___34___bolsot2_41__-corte,-dejo.mp4"
L48__dia_guardar__accion___4___no_obvioJUAN15ABRILtestcamara_2_5__Corte-guardar._JUAN4.npy,48,train,1.055,838,116,1069,347,25,dia_guardar,accion___4___no_obvioJUAN15ABRILtestcamara_2_5__Corte-guardar._JUAN4.mp4
L34__ainhoa__accion___34___bolsot3_148__-corte-lejos.npy,34,train,1.047,1133,581,1577,1025,25,ainhoa,accion___34___bolsot3_148__-corte-lejos.mp4
L04__dia_guardar__accion___4___obvioJUAN15ABRILtestcamara_2_177__Corte-guarda_JOSE2.npy,4,train,1.023,802,189,1224,611,25,dia_guardar,accion___4___obvioJUAN15ABRILtestcamara_2_177__Corte-guarda_JOSE2.mp4
L46__dia__accion___46___JUAN15ABRILtestcamara_4_237__Corte-dar-vueltas_JOSE2.npy,46,val,1.098,204,312,715,823,25,dia,accion___46___JUAN15ABRILtestcamara_4_237__Corte-dar-vueltas_JOSE2.mp4
L46__dia__accion___46___MIGUEL1testcamara_4_180__Corte-dar-vueltas_ainhoa1.npy,46,train,1.004,491,306,918,733,25,dia,accion___46___MIGUEL1testcamara_4_180__Corte-dar-vueltas_ainhoa1.mp4
"L14__ainhoa__accion___14___OCT04_primera_t4_117__-Corte,-guardo.__metadata-informacion.-Zona-norte-4.-Robo-abrigo..npy",14,train,1.058,749,172,1033,456,25,ainhoa,"accion___14___OCT04_primera_t4_117__-Corte,-guardo.__metadata-informacion.-Zona-norte-4.-Robo-abrigo..mp4"
L00__ainhoa__accion___0___SEP26_primera_t4_304__-Sostengo.__metadata-informacion.-Zona-centro-1-Objeto-pantalon.-Categoria-textil-Robo-abrigo.npy,0,train,1.025,387,258,721,592,25,ainhoa,accion___0___SEP26_primera_t4_304__-Sostengo.__metadata-informacion.-Zona-centro-1-Objeto-pantalon.-Categoria-textil-Robo-abrigo.mp4
"L00__ainhoa__accion___0___OCT01_primera_t2_49__-corte,-sostengo__metadata-informacion-Zona-centro-2-Objeto,-camiseta-Categoria,-textil-Robo,-bolsillo.npy",0,train,1.091,672,203,928,459,25,ainhoa,"accion___0___OCT01_primera_t2_49__-corte,-sostengo__metadata-informacion-Zona-centro-2-Objeto,-camiseta-Categoria,-textil-Robo,-bolsillo.mp4"
L04__todo_showroom__accion___4___showroom_ROBO_BONI_2_2024-12-17_12-10-28_obvio_testTOMA_DE_DATOS_1_408__-corte-termino.npy,4,train,1.079,854,131,1128,405,25,todo_showroom,accion___4___showroom_ROBO_BONI_2_2024-12-17_12-10-28_obvio_testTOMA_DE_DATOS_1_408__-corte-termino.mp4
L14__dia__accion___14___MIGUEL1testcamara_3_13__Corte-guardar_MIGUEL5.npy,14,train,1.053,772,117,1176,521,25,dia,accion___14___MIGUEL1testcamara_3_13__Corte-guardar_MIGUEL5.mp4
"L11__dia__accion___11___MIGUEL1testcamara_1_37__Corte,-agarrar_MIGUEL4.npy",11,train,1.016,867,183,1195,511,25,dia,"accion___11___MIGUEL1testcamara_1_37__Corte,-agarrar_MIGUEL4.mp4"
L28__ainhoa__accion___28___sentarset2_8__-Corte-arriba..npy,28,train,1.052,868,290,1181,603,25,ainhoa,accion___28___sentarset2_8__-Corte-arriba..mp4
"L36__ainhoa__accion___36___botellat2_87__-Corte,-abrir.npy",36,train,1.053,978,149,1179,350,25,ainhoa,"accion___36___botellat2_87__-Corte,-abrir.mp4"
L48__dia__accion___7___JUAN15ABRILtestcamara_4_230__Corte-hurgar._JUAN10.npy,48,train,1.04,624,202,1074,652,25,dia,accion___7___JUAN15ABRILtestcamara_4_230__Corte-hurgar._JUAN10.mp4
L03__ainhoa__accion___3___OCT01_primera_t1_195__-Corte-saco.__metadata-informacion-Zona-sur-2-Objeto-camiseta-Categoria-textil-Robo-bolsillo.npy,3,train,1.029,834,99,1000,265,25,ainhoa,accion___3___OCT01_primera_t1_195__-Corte-saco.__metadata-informacion-Zona-sur-2-Objeto-camiseta-Categoria-textil-Robo-bolsillo.mp4
L47__dia__accion___47___JUAN15ABRILtestcamara_3_92__Corte-empujo-empujo._JUAN7.npy,47,train,1.016,602,36,998,432,25,dia,accion___47___JUAN15ABRILtestcamara_3_92__Corte-empujo-empujo._JUAN7.mp4
"L22__ainhoa__accion___22___mochielat2_131__-Corte,-guitarra.npy",22,val,1.059,854,162,1064,372,25,ainhoa,"accion___22___mochielat2_131__-Corte,-guitarra.mp4"
"L02__dia__accion___2___MIGUEL1testcamara_1_243__Corte,-dejo_JOSESEC1.npy",2,train,1.035,900,197,1021,318,25,dia,"accion___2___MIGUEL1testcamara_1_243__Corte,-dejo_JOSESEC1.mp4"
"L32__ainhoa__accion___32___aplaudirt4_5__-Corte,-aplaudir..npy",32,train,1.048,678,116,901,339,25,ainhoa,"accion___32___aplaudirt4_5__-Corte,-aplaudir..mp4"
L04__dia_guardar__accion___4___obvioJUAN15ABRILtestcamara_3_50__Corte-guardar_JOSE2.npy,4,val,1.065,670,11,885,226,25,dia_guardar,accion___4___obvioJUAN15ABRILtestcamara_3_50__Corte-guardar_JOSE2.mp4
"L04__todo_showroom__accion___4___showroom_ROBO_JOSE_1_2024-12-16_13-02-13_obvio_testTOMA_DE_DATOS_1_73__-Corte,-termino..npy",4,val,1.075,935,167,1272,504,25,todo_showroom,"accion___4___showroom_ROBO_JOSE_1_2024-12-16_13-02-13_obvio_testTOMA_DE_DATOS_1_73__-Corte,-termino..mp4"
L13__dia__accion___13___MIGUEL1testcamara_3_330__corte-sacar_MIGUEL4.npy,13,train,1.003,800,143,1198,541,25,dia,accion___13___MIGUEL1testcamara_3_330__corte-sacar_MIGUEL4.mp4
L14__ainhoa__accion___14___OCT09_t2_63__-Corte-guardo.__metadata-informacion.-Zona-norte-2.-Robo-bolso..npy,14,train,1.001,669,220,914,465,25,ainhoa,accion___14___OCT09_t2_63__-Corte-guardo.__metadata-informacion.-Zona-norte-2.-Robo-bolso..mp4
L48__dia_guardar__accion___4___no_obvioJUAN15ABRILtestcamara_1_179__Corte-guarda_JOSE2.npy,48,train,1.087,650,111,914,375,25,dia_guardar,accion___4___no_obvioJUAN15ABRILtestcamara_1_179__Corte-guarda_JOSE2.mp4
L11__dia__accion___11___MIGUEL1testcamara_1_349__Corte-agarrar_MIGUEL3.npy,11,val,1.067,778,148,1100,470,25,dia,accion___11___MIGUEL1testcamara_1_349__Corte-agarrar_MIGUEL3.mp4
"L02__dia__accion___2___JUAN15ABRILtestcamara_2_58__Corte,-carrito._JUAN10.npy",2,train,1.062,690,124,1048,482,25,dia,"accion___2___JUAN15ABRILtestcamara_2_58__Corte,-carrito._JUAN10.mp4"
L13__dia__accion___13___MIGUEL1testcamara_1_158__Corte-sacar_MIGUEL4.npy,13,train,1.07,702,101,953,352,25,dia,accion___13___MIGUEL1testcamara_1_158__Corte-sacar_MIGUEL4.mp4
L43__ainhoa__accion___43___llamart3_61__-Corte-y-amalle..npy,43,train,1.075,493,220,994,721,25,ainhoa,accion___43___llamart3_61__-Corte-y-amalle..mp4
"L14__dia__accion___14___MIGUEL1testcamara_3_237__Corte,-guardar._MIGUEL3.npy",14,train,1.046,1163,386,1656,879,25,dia,"accion___14___MIGUEL1testcamara_3_237__Corte,-guardar._MIGUEL3.mp4"
L14__ainhoa__accion___14___OCT10_bolsost2_250__-corte-guardo.__metadata-informacion..npy,14,train,1.042,1006,169,1198,361,25,ainhoa,accion___14___OCT10_bolsost2_250__-corte-guardo.__metadata-informacion..mp4
"L01__dia__accion___1___MIGUEL1testcamara_2_578__Corte,-agarro_JOSESEC1.npy",1,train,1.045,1047,267,1176,396,25,dia,"accion___1___MIGUEL1testcamara_2_578__Corte,-agarro_JOSESEC1.mp4"
L02__dia__accion___2___MIGUEL1testcamara_3_264__corte-dejar_MIGUEL2.npy,2,train,1.013,410,387,915,892,25,dia,accion___2___MIGUEL1testcamara_3_264__corte-dejar_MIGUEL2.mp4
"L14__ainhoa__accion___14___OCT03_primera_t3_539__-Corte,-guardo.__metadata-informacion.-Zona-sur-3.-Robo-bolso..npy",14,train,1.079,531,408,964,841,25,ainhoa,"accion___14___OCT03_primera_t3_539__-Corte,-guardo.__metadata-informacion.-Zona-sur-3.-Robo-bolso..mp4"
"L27__ainhoa__accion___27___saludart2_22__-Corte,-saludar..npy",27,train,1.039,861,158,1120,417,25,ainhoa,"accion___27___saludart2_22__-Corte,-saludar..mp4"
L11__dia__accion___24___JUAN15ABRILtestcamara_4_197__Corte-bajar-mano_JOSE2.npy,11,train,1.094,190,244,612,666,25,dia,accion___24___JUAN15ABRILtestcamara_4_197__Corte-bajar-mano_JOSE2.mp4
"L01__ainhoa__accion___1___SEP30_t2_27__-corte-agarro__metadata-informacion,-zona-sur-3-Objeto,-camiseta-Categoria-textil-Robo,-abrigo.npy",1,train,1.039,488,243,798,553,25,ainhoa,"accion___1___SEP30_t2_27__-corte-agarro__metadata-informacion,-zona-sur-3-Objeto,-camiseta-Categoria-textil-Robo,-abrigo.mp4"
"L02__ainhoa__accion___2___SEP30_t1_256__-Corte,-dejo.__metadata-informacion,-zona-sur-3-Objeto,-cinturon-Categoria-textil-Robo,-abrigo.npy",2,val,1.019,867,123,1056,312,25,ainhoa,"accion___2___SEP30_t1_256__-Corte,-dejo.__metadata-informacion,-zona-sur-3-Objeto,-cinturon-Categoria-textil-Robo,-abrigo.mp4"
L11__ainhoa__accion___11___OCT10_bolsillost1_241__-corte-agarro__metadata-informacion.-Zona-Sur-3.-Robo-bolsillo..npy,11,train,1.017,872,123,1060,311,25,ainhoa,accion___11___OCT10_bolsillost1_241__-corte-agarro__metadata-informacion.-Zona-Sur-3.-Robo-bolsillo..mp4
"L31__ainhoa__accion___31___zapatot1_102__-Corte,-quitar..npy",31,train,1.07,646,181,936,471,25,ainhoa,"accion___31___zapatot1_102__-Corte,-quitar..mp4"
L04__dia_guardar__accion___4___obvioMIGUEL1testcamara_4_390__Corte-guardo._JOSESEC2.npy,4,train,1.088,321,206,729,614,25,dia_guardar,accion___4___obvioMIGUEL1testcamara_4_390__Corte-guardo._JOSESEC2.mp4
L14__ainhoa__accion___14___OCT04_primera_t4_341__-Corte-guarda.__metadata-informacion.-Zona-Sur-1.-Robo-abrigo..npy,14,train,1.063,585,606,1028,1049,25,ainhoa,accion___14___OCT04_primera_t4_341__-Corte-guarda.__metadata-informacion.-Zona-Sur-1.-Robo-abrigo..mp4
L01__ainhoa__accion___1___OCT01_primera_t2_1436__-Corte-agarro.__metadata-informacion-Zona-norte-1-Objeto-camiseta-Categoria-textil-Robo-bolsillo.npy,1,train,1.095,980,233,1256,509,25,ainhoa,accion___1___OCT01_primera_t2_1436__-Corte-agarro.__metadata-informacion-Zona-norte-1-Objeto-camiseta-Categoria-textil-Robo-bolsillo.mp4
"L01__dia__accion___1___MIGUEL1testcamara_2_83__Corte,-agarro_JOSESEC1.npy",1,train,1.058,1056,258,1181,383,25,dia,"accion___1___MIGUEL1testcamara_2_83__Corte,-agarro_JOSESEC1.mp4"
"L47__dia__accion___42___MIGUEL1testcamara_4_440__Corte,-caminar_MIGUEL3.npy",47,train,1.022,460,122,1031,693,25,dia,"accion___42___MIGUEL1testcamara_4_440__Corte,-caminar_MIGUEL3.mp4"
"L03__ainhoa__accion___3___SEP30_t2_93__-Corte,-saco.__metadata-informacion.-Zona-Sur-1.-Objeto-Camisa.-Categoria-Textil.-Robo-bolso..npy",3,val,1.016,760,176,979,395,25,ainhoa,"accion___3___SEP30_t2_93__-Corte,-saco.__metadata-informacion.-Zona-Sur-1.-Objeto-Camisa.-Categoria-Textil.-Robo-bolso..mp4"
L11__dia__accion___24___JUAN15ABRILtestcamara_4_123__Corte-bajar-mano._JUAN5.npy,11,train,1.014,177,258,628,709,25,dia,accion___24___JUAN15ABRILtestcamara_4_123__Corte-bajar-mano._JUAN5.mp4
L04__ainhoa__accion___4___obvio_SEP26_primera_t2_805__-Corte-guardo.__metadata-informacion-Zona-centro-1-Objeto-pantalon-Categoria-textil-Robo-bolso.npy,4,train,1.097,962,199,1194,431,25,ainhoa,accion___4___obvio_SEP26_primera_t2_805__-Corte-guardo.__metadata-informacion-Zona-centro-1-Objeto-pantalon-Categoria-textil-Robo-bolso.mp4
L13__ainhoa__accion___13___OCT04_primera_t3_359__-Corte-Saco__metadata-informacion.-Zona-sur-2.-Robo-abrigo..npy,13,train,1.045,701,720,1041,1060,25,ainhoa,accion___13___OCT04_primera_t3_359__-Corte-Saco__metadata-informacion.-Zona-sur-2.-Robo-abrigo..mp4
"L02__dia__accion___2___MIGUEL1testcamara_1_177__Corte,-dejar_MIGUEL2.npy",2,train,1.088,869,89,1101,321,25,dia,"accion___2___MIGUEL1testcamara_1_177__Corte,-dejar_MIGUEL2.mp4"
"L48__dia__accion___7___JUAN15ABRILtestcamara_2_0__Corte,-hurgar._JUAN7.npy",48,train,1.046,1024,147,1274,397,25,dia,"accion___7___JUAN15ABRILtestcamara_2_0__Corte,-hurgar._JUAN7.mp4"
"L02__ainhoa__accion___2___OCT01_primera_t4_1132__-Corte,-dejo.__metadata-informacion.-Zona-sur-4.-Objeto-corbata.-Categoria-textil.-Lobo-bolsillo..npy",2,train,1.004,706,587,1138,1019,25,ainhoa,"accion___2___OCT01_primera_t4_1132__-Corte,-dejo.__metadata-informacion.-Zona-sur-4.-Objeto-corbata.-Categoria-textil.-Lobo-bolsillo..mp4"
L04__todo_showroom__accion___4___showroom_ROBO_JOSE_1_2024-12-16_13-02-13_obvio_testTOMA_DE_DATOS_1_247__-Corte-y-termino..npy,4,train,1.052,623,81,821,279,25,todo_showroom,accion___4___showroom_ROBO_JOSE_1_2024-12-16_13-02-13_obvio_testTOMA_DE_DATOS_1_247__-Corte-y-termino..mp4
L06__ainhoa__accion___6___n.segunda_17.4_26__-Corte.-17..npy,6,train,1.067,487,85,738,336,25,ainhoa,accion___6___n.segunda_17.4_26__-Corte.-17..mp4
"L04__todo_showroom__accion___4___showroom_ROBO_BONI_3_2024-12-18_09-06-24_obvio_testTOMA_DE_DATOS_4_122__-Corto,-termino..npy",4,train,1.086,135,286,553,704,25,todo_showroom,"accion___4___showroom_ROBO_BONI_3_2024-12-18_09-06-24_obvio_testTOMA_DE_DATOS_4_122__-Corto,-termino..mp4"
"L48__ainhoa__accion___4___no_obvio_OCT01_primera_t4_595__-Corte,-guardo.__metadata-informacion-Zona-norte-2-Objeto-sujetador-Categoria-textil-Robo-bolsillo.npy",48,val,1.071,451,189,720,458,25,ainhoa,"accion___4___no_obvio_OCT01_primera_t4_595__-Corte,-guardo.__metadata-informacion-Zona-norte-2-Objeto-sujetador-Categoria-textil-Robo-bolsillo.mp4"
L48__todo_showroom__accion___14___showroom_ROBO_MIGUEL_1_2024-12-18_16-51-43_no_obvio_testTOMA_DE_DATOS_1_370__-y-que-ya-supe-que-ya-seoni-que-va-a-MDam-y-no.npy,48,train,1.007,599,96,858,355,25,todo_showroom,accion___14___showroom_ROBO_MIGUEL_1_2024-12-18_16-51-43_no_obvio_testTOMA_DE_DATOS_1_370__-y-que-ya-supe-que-ya-seoni-que-va-a-MDam-y-no.mp4
"L00__ainhoa__accion___0___SEP26_primera_t3_234__-Corte,-sostengo.__metadata-informacion-Zona-norte-2-Objeto-pantalon-Categoria-textil-Lobo-abrigo.npy",0,train,1.005,580,166,876,462,25,ainhoa,"accion___0___SEP26_primera_t3_234__-Corte,-sostengo.__metadata-informacion-Zona-norte-2-Objeto-pantalon-Categoria-textil-Lobo-abrigo.mp4"
L04__todo_showroom__accion___4___showroom_ROBO_BONI_3_2024-12-18_09-06-24_obvio_testTOMA_DE_DATOS_2_284__-Corto.-Termino..npy,4,val,1.046,818,107,1007,296,25,todo_showroom,accion___4___showroom_ROBO_BONI_3_2024-12-18_09-06-24_obvio_testTOMA_DE_DATOS_2_284__-Corto.-Termino..mp4
L11__dia__accion___11___MIGUEL1testcamara_2_295__Corte-agarro_JOSESEC3.npy,11,train,1.01,814,144,1046,376,25,dia,accion___11___MIGUEL1testcamara_2_295__Corte-agarro_JOSESEC3.mp4
L04__todo_showroom__accion___4___showroom_ROBO_BONI_1_2024-12-17_10-57-57_obvio_testTOMA_DE_DATOS_3_399__-corto..npy,4,train,1.092,386,294,1113,1021,25,todo_showroom,accion___4___showroom_ROBO_BONI_1_2024-12-17_10-57-57_obvio_testTOMA_DE_DATOS_3_399__-corto..mp4
L04__todo_showroom__accion___4___showroom_ROBO_JOSE_2_2024-12-20_12-37-49_obvio_testTOMA_DE_DATOS_3_18__-Cuarto-termino..npy,4,train,1.043,385,281,934,830,25,todo_showroom,accion___4___showroom_ROBO_JOSE_2_2024-12-20_12-37-49_obvio_testTOMA_DE_DATOS_3_18__-Cuarto-termino..mp4
L13__dia__accion___13___MIGUEL1testcamara_4_422__Corte-sacar_MIGUEL4.npy,13,train,1.004,621,402,1090,871,25,dia,accion___13___MIGUEL1testcamara_4_422__Corte-sacar_MIGUEL4.mp4
L11__dia__accion___11___MIGUEL1testcamara_2_355__Corte-agarrar._MIGUEL4.npy,11,train,1.013,677,206,1009,538,25,dia,accion___11___MIGUEL1testcamara_2_355__Corte-agarrar._MIGUEL4.mp4
"L01__ainhoa__accion___1___SEP30_t1_316__-Corte,-agarro.__metadata-informacion-Zona-norte-2-Objeto-camiseta-Categoria-textil-Robo-abrigo.npy",1,train,1.032,929,188,1179,438,25,ainhoa,"accion___1___SEP30_t1_316__-Corte,-agarro.__metadata-informacion-Zona-norte-2-Objeto-camiseta-Categoria-textil-Robo-abrigo.mp4"
"L48__todo_showroom__accion___14___showroom_ROBO_MIGUEL_1_2024-12-18_16-51-43_no_obvio_testTOMA_DE_DATOS_3_367__-Corte,-termino..npy",48,train,1.029,830,116,1307,593,25,todo_showroom,"accion___14___showroom_ROBO_MIGUEL_1_2024-12-18_16-51-43_no_obvio_testTOMA_DE_DATOS_3_367__-Corte,-termino..mp4"
L46__dia__accion___46___JUAN15ABRILtestcamara_4_31__Corte-dar-vueltas._JUAN10.npy,46,train,1.03,200,233,665,698,25,dia,accion___46___JUAN15ABRILtestcamara_4_31__Corte-dar-vueltas._JUAN10.mp4
L13__dia__accion___13___MIGUEL1testcamara_2_147__Corte-sacar._JOSESEC3.npy,13,train,1.054,694,204,1022,532,25,dia,accion___13___MIGUEL1testcamara_2_147__Corte-sacar._JOSESEC3.mp4
"L02__ainhoa__accion___2___OCT01_primera_t2_629__-Corte,-dejo.__metadata-informacion.-Zona-norte-2.-Objeto-camiseta.-Categoria-textil.-Robo-bolsillo..npy",2,train,1.012,983,242,1236,495,25,ainhoa,"accion___2___OCT01_primera_t2_629__-Corte,-dejo.__metadata-informacion.-Zona-norte-2.-Objeto-camiseta.-Categoria-textil.-Robo-bolsillo..mp4"
L11__dia__accion___9___JUAN15ABRILtestcamara_2_172__Corte-topar._JUAN11.npy,11,train,1.073,985,142,1250,407,25,dia,accion___9___JUAN15ABRILtestcamara_2_172__Corte-topar._JUAN11.mp4
L04__dia_guardar__accion___4___obvioMIGUEL1testcamara_4_176__Corte-guardar_ainhoa1.npy,4,train,1.074,694,294,1058,658,25,dia_guardar,accion___4___obvioMIGUEL1testcamara_4_176__Corte-guardar_ainhoa1.mp4
"L14__ainhoa__accion___14___OCT04_primera_t3_511__-Corte,-guardo.__metadata-informacion.-Zona-centro-1.-Robo-abrigo..npy",14,train,1.052,533,252,894,613,25,ainhoa,"accion___14___OCT04_primera_t3_511__-Corte,-guardo.__metadata-informacion.-Zona-centro-1.-Robo-abrigo..mp4"
L48__todo_showroom__accion___14___showroom_ROBO_BONI_1_2024-12-17_10-57-57_no_obvio_testTOMA_DE_DATOS_3_272__-termino..npy,48,val,1.065,1211,413,1741,943,25,todo_showroom,accion___14___showroom_ROBO_BONI_1_2024-12-17_10-57-57_no_obvio_testTOMA_DE_DATOS_3_272__-termino..mp4
"L11__ainhoa__accion___11___OCT03_primera_t4_281__-Corte,-agarro.__metadata-informacion.-Zona-norte-2.-Robo-bolso..npy",11,train,1.036,410,181,677,448,25,ainhoa,"accion___11___OCT03_primera_t4_281__-Corte,-agarro.__metadata-informacion.-Zona-norte-2.-Robo-bolso..mp4"
"L04__todo_showroom__accion___4___showroom_ROBO_BONI_3_2024-12-18_09-06-24_obvio_testTOMA_DE_DATOS_2_193__-Corto,-termino..npy",4,train,1.066,989,149,1271,431,25,todo_showroom,"accion___4___showroom_ROBO_BONI_3_2024-12-18_09-06-24_obvio_testTOMA_DE_DATOS_2_193__-Corto,-termino..mp4"
"L02__dia__accion___2___MIGUEL1testcamara_2_302__Corte,-dejo_JOSESEC1.npy",2,train,1.024,804,237,931,364,25,dia,"accion___2___MIGUEL1testcamara_2_302__Corte,-dejo_JOSESEC1.mp4"
L47__dia__accion___42___MIGUEL1testcamara_1_234__corte-caminar_MIGUEL4.npy,47,train,1.023,766,114,1070,418,25,dia,accion___42___MIGUEL1testcamara_1_234__corte-caminar_MIGUEL4.mp4
L48__doblar_sobreponer__02-13-23-05-53 camara 1 - 53-690.npy,48,val,1.017,944,188,1205,449,8,doblar_sobreponer,02-13-23-05-53 camara 1 - 53-690.mp4
"L10__ainhoa__accion___10___OCT10_abrigost4_221__-corte,-sostengo.__metadata-informacion.-Zona-sur-1.-Robo-abrigo..npy",10,train,1.065,609,594,1047,1032,25,ainhoa,"accion___10___OCT10_abrigost4_221__-corte,-sostengo.__metadata-informacion.-Zona-sur-1.-Robo-abrigo..mp4"
L01__dia__accion___1___JUAN15ABRILtestcamara_4_38__Corte-agarrar._JUAN6.npy,1,train,1.095,286,55,948,717,25,dia,accion___1___JUAN15ABRILtestcamara_4_38__Corte-agarrar._JUAN6.mp4
"L01__ainhoa__accion___1___sexta-tirada-14.1_57__-Corte,-agarro..npy",1,train,1.085,798,33,1188,423,25,ainhoa,"accion___1___sexta-tirada-14.1_57__-Corte,-agarro..mp4"
L01__dia__accion___1___JUAN15ABRILtestcamara_1_16__Corte-tomar._JUAN5.npy,1,train,1.07,629,75,878,324,25,dia,accion___1___JUAN15ABRILtestcamara_1_16__Corte-tomar._JUAN5.mp4
L47__dia__accion___42___MIGUEL1testcamara_4_126__corte-caminar_MIGUEL3.npy,47,val,1.038,237,206,826,795,25,dia,accion___42___MIGUEL1testcamara_4_126__corte-caminar_MIGUEL3.mp4
"L01__dia__accion___1___MIGUEL1testcamara_1_220__Corte,-agarro_JOSESEC1.npy",1,train,1.073,909,193,1044,328,25,dia,"accion___1___MIGUEL1testcamara_1_220__Corte,-agarro_JOSESEC1.mp4"
"L01__dia__accion___1___JUAN15ABRILtestcamara_2_173__Corte,-tomar._JUAN10.npy",1,train,1.044,749,165,1077,493,25,dia,"accion___1___JUAN15ABRILtestcamara_2_173__Corte,-tomar._JUAN10.mp4"
L12__dia__accion___12___MIGUEL1testcamara_2_177__corte-carrito_MIGUEL5.npy,12,train,1.026,739,157,993,411,25,dia,accion___12___MIGUEL1testcamara_2_177__corte-carrito_MIGUEL5.mp4
L04__todo_showroom__accion___4___showroom_ROBO_BONI_2_2024-12-17_12-10-28_obvio_testTOMA_DE_DATOS_4_138__-corto-termino..npy,4,train,1.036,282,152,735,605,25,todo_showroom,accion___4___showroom_ROBO_BONI_2_2024-12-17_12-10-28_obvio_testTOMA_DE_DATOS_4_138__-corto-termino..mp4
L11__dia__accion___11___MIGUEL1testcamara_2_471__Corte-agarrar_MIGUEL5.npy,11,val,1.015,1037,138,1243,344,25,dia,accion___11___MIGUEL1testcamara_2_471__Corte-agarrar_MIGUEL5.mp4
"L12__ainhoa__accion___12___OCT10_bolsost4_390__-Corte,-dejo.__metadata-informacion.-Zona-norte-2.-Robo-bolso..npy",12,val,1.002,409,188,667,446,25,ainhoa,"accion___12___OCT10_bolsost4_390__-Corte,-dejo.__metadata-informacion.-Zona-norte-2.-Robo-bolso..mp4"
"L02__ainhoa__accion___2___SEP26_primera_t1_339__-Corte,-dejo.__metadata-informacion,-zona-sur-3-Objeto-ca....npy",2,val,1.065,853,149,1081,377,25,ainhoa,"accion___2___SEP26_primera_t1_339__-Corte,-dejo.__metadata-informacion,-zona-sur-3-Objeto-ca....mp4"
L03__ainhoa__accion___3___SEP26_primera_t2_554__-Corte-saco.__metadata-informacion-Zona-norte-3-Objeto-pantalon-Categoria-textil-Robo-bolso.npy,3,train,1.097,587,247,907,567,25,ainhoa,accion___3___SEP26_primera_t2_554__-Corte-saco.__metadata-informacion-Zona-norte-3-Objeto-pantalon-Categoria-textil-Robo-bolso.mp4
"L01__dia__accion___1___MIGUEL1testcamara_2_84__Corte,-agarro_JOSESEC1.npy",1,train,1.022,1048,261,1169,382,25,dia,"accion___1___MIGUEL1testcamara_2_84__Corte,-agarro_JOSESEC1.mp4"
"L02__ainhoa__accion___2___OCT01_primera_t3_567__-Corte,-dejo.__metadata-informacion-Zona-norte-1-Objeto-sujetador-Categoria-textil-Robo-bolsillo.npy",2,train,1.018,505,112,747,354,25,ainhoa,"accion___2___OCT01_primera_t3_567__-Corte,-dejo.__metadata-informacion-Zona-norte-1-Objeto-sujetador-Categoria-textil-Robo-bolsillo.mp4"
"L03__dia__accion___3___MIGUEL1testcamara_4_152__Corte,-sacar_ainhoa5.npy",3,train,1.075,161,468,444,751,25,dia,"accion___3___MIGUEL1testcamara_4_152__Corte,-sacar_ainhoa5.mp4"
"L12__dia__accion___12___MIGUEL1testcamara_3_409__Corte,-carrito._MIGUEL5.npy",12,train,1.026,943,329,1471,857,25,dia,"accion___12___MIGUEL1testcamara_3_409__Corte,-carrito._MIGUEL5.mp4"
"L01__dia__accion___1___MIGUEL1testcamara_4_86__Corte,-agarro_JOSESEC2.npy",1,train,1.069,605,128,885,408,25,dia,"accion___1___MIGUEL1testcamara_4_86__Corte,-agarro_JOSESEC2.mp4"
"L02__ainhoa__accion___2___SEP26_primera_t1_1049__-Corte,-dejo.__metadata-informacion,-zona-sur-1-Objeto-falda-Categoria-textil-Robo-bolso.npy",2,train,1.092,628,116,799,287,25,ainhoa,"accion___2___SEP26_primera_t1_1049__-Corte,-dejo.__metadata-informacion,-zona-sur-1-Objeto-falda-Categoria-textil-Robo-bolso.mp4"
L04__todo_showroom__accion___4___showroom_ROBO_BONI_2_2024-12-17_12-10-28_obvio_testTOMA_DE_DATOS_1_350__-corto-termino..npy,4,val,1.0,886,102,1104,320,25,todo_showroom,accion___4___showroom_ROBO_BONI_2_2024-12-17_12-10-28_obvio_testTOMA_DE_DATOS_1_350__-corto-termino..mp4
"L36__ainhoa__accion___36___botellat4_123__-Corte,-abrir..npy",36,train,1.051,461,169,754,462,25,ainhoa,"accion___36___botellat4_123__-Corte,-abrir..mp4"
L03__ainhoa__accion___3___OCT01_primera_t2_1161__-Corte-saco__metadata-informacion-Zona-centro-2-Objeto-camisa-Categoria-textil-Robo-bolsillo.npy,3,train,1.033,750,179,970,399,25,ainhoa,accion___3___OCT01_primera_t2_1161__-Corte-saco__metadata-informacion-Zona-centro-2-Objeto-camisa-Categoria-textil-Robo-bolsillo.mp4
L14__ainhoa__accion___14___OCT10_bolsost1_478__-Corte-guardo.__metadata-informacion.-Zona-norte-1.-Robo-bolso..npy,14,val,1.025,941,245,1236,540,25,ainhoa,accion___14___OCT10_bolsost1_478__-Corte-guardo.__metadata-informacion.-Zona-norte-1.-Robo-bolso..mp4
"L12__dia__accion___12___MIGUEL1testcamara_2_100__Corte,-carrito_MIGUEL3.npy",12,train,1.017,692,167,980,455,25,dia,"accion___12___MIGUEL1testcamara_2_100__Corte,-carrito_MIGUEL3.mp4"
"L33__ainhoa__accion___33___bailart3_80__-Corte,-bailar..npy",33,val,1.017,681,94,1088,501,25,ainhoa,"accion___33___bailart3_80__-Corte,-bailar..mp4"
"L48__ainhoa__accion___4___no_obvio_OCT01_primera_t3_1390__-Corte,-guardo.__metadata-informacion-Zona-norte-2-Objeto-camiseta-Categoria-textil-Robo-bolsillo.npy",48,train,1.06,537,157,848,468,25,ainhoa,"accion___4___no_obvio_OCT01_primera_t3_1390__-Corte,-guardo.__metadata-informacion-Zona-norte-2-Objeto-camiseta-Categoria-textil-Robo-bolsillo.mp4"
L47__dia__accion___47___MIGUEL1testcamara_4_172__Corte-cempujoo-caempujoo._ainhoa6.npy,47,train,1.015,399,158,864,623,25,dia,accion___47___MIGUEL1testcamara_4_172__Corte-cempujoo-caempujoo._ainhoa6.mp4
L14__ainhoa__accion___14___OCT10_bolsillost4_270__-guardo.npy,14,train,1.081,216,362,599,745,25,ainhoa,accion___14___OCT10_bolsillost4_270__-guardo.mp4
L13__ainhoa__accion___13___OCT09_t2_353__-Corte-saco.__metadata-informacion.-Zona-sur-3.-Robo-bolso..npy,13,val,1.093,1008,166,1202,360,25,ainhoa,accion___13___OCT09_t2_353__-Corte-saco.__metadata-informacion.-Zona-sur-3.-Robo-bolso..mp4
L12__dia__accion___12___MIGUEL1testcamara_3_186__Corte-dejar_MIGUEL3.npy,12,train,1.029,424,206,877,659,25,dia,accion___12___MIGUEL1testcamara_3_186__Corte-dejar_MIGUEL3.mp4
"L13__ainhoa__accion___13___OCT09_t2_338__-corte,-saco__metadata-informacion.npy",13,train,1.036,1027,153,1196,322,25,ainhoa,"accion___13___OCT09_t2_338__-corte,-saco__metadata-informacion.mp4"
"L33__ainhoa__accion___33___bailart1_85__-Corte,-bailar..npy",33,train,1.027,645,118,905,378,25,ainhoa,"accion___33___bailart1_85__-Corte,-bailar..mp4"
"L40__ainhoa__accion___40___corrert4_125__-Corte,-correr..npy",40,train,1.031,111,182,944,1015,25,ainhoa,"accion___40___corrert4_125__-Corte,-correr..mp4"
L48__dia_guardar__accion___4___no_obvioMIGUEL1testcamara_2_310__Corte-guardo_JOSESEC2.npy,48,train,1.098,860,196,1193,529,25,dia_guardar,accion___4___no_obvioMIGUEL1testcamara_2_310__Corte-guardo_JOSESEC2.mp4
"L32__ainhoa__accion___32___aplaudirt3_72__-Corte,-aplaudir..npy",32,train,1.026,1138,659,1548,1069,25,ainhoa,"accion___32___aplaudirt3_72__-Corte,-aplaudir..mp4"
"L48__ainhoa__accion___4___no_obvio_SEP30_t2_423__-Corte,-guardo.__metadata-informacion-Zona-norte-4-Objeto-camisa-Categoria-textil-Robo-abrigo.npy",48,train,1.072,692,205,957,470,25,ainhoa,"accion___4___no_obvio_SEP30_t2_423__-Corte,-guardo.__metadata-informacion-Zona-norte-4-Objeto-camisa-Categoria-textil-Robo-abrigo.mp4"
L47__dia__accion___42___MIGUEL1testcamara_1_29__Corte-camino_JOSESEC3.npy,47,train,1.002,614,126,1042,554,25,dia,accion___42___MIGUEL1testcamara_1_29__Corte-camino_JOSESEC3.mp4
"L01__ainhoa__accion___1___SEP26_primera_t4_223__-corte,-agarro__metadata-informacion-Zona-norte-2-Objeto,-camisa-Categoria,-textil-Robo,-abrigo.npy",1,train,1.068,416,180,701,465,25,ainhoa,"accion___1___SEP26_primera_t4_223__-corte,-agarro__metadata-informacion-Zona-norte-2-Objeto,-camisa-Categoria,-textil-Robo,-abrigo.mp4"
"L48__todo_showroom__accion___14___showroom_ROBO_MIGUEL_1_2024-12-18_16-51-43_no_obvio_testTOMA_DE_DATOS_2_14__-Corte,-termino..npy",48,train,1.029,785,119,1034,368,25,todo_showroom,"accion___14___showroom_ROBO_MIGUEL_1_2024-12-18_16-51-43_no_obvio_testTOMA_DE_DATOS_2_14__-Corte,-termino..mp4"
L48__dia__accion___7___MIGUEL1testcamara_1_294__Corte-urgo_JOSESEC3.npy,48,train,1.053,692,108,929,345,25,dia,accion___7___MIGUEL1testcamara_1_294__Corte-urgo_JOSESEC3.mp4
L14__ainhoa__accion___14___OCT03_primera_t4_121__-Corte-guardo.__metadata-informacion-Zona-centro-2-Robo-abrigo.npy,14,train,1.097,703,229,1039,565,25,ainhoa,accion___14___OCT03_primera_t4_121__-Corte-guardo.__metadata-informacion-Zona-centro-2-Robo-abrigo.mp4
L14__ainhoa__accion___14___OCT10_abrigost4_257__-Corte-guardo.__metadata-informacion-Zona-Sur-2-Robo-abrigo.npy,14,train,1.033,95,560,484,949,25,ainhoa,accion___14___OCT10_abrigost4_257__-Corte-guardo.__metadata-informacion-Zona-Sur-2-Robo-abrigo.mp4
"L04__dia_guardar__accion___4___obvioJUAN15ABRILtestcamara_2_66__Corte,-guardar._JUAN8.npy",4,train,1.059,927,189,1264,526,25,dia_guardar,"accion___4___obvioJUAN15ABRILtestcamara_2_66__Corte,-guardar._JUAN8.mp4"
L12__dia__accion___12___MIGUEL1testcamara_4_2__Corte-carrito._MIGUEL5.npy,12,train,1.035,591,179,999,587,25,dia,accion___12___MIGUEL1testcamara_4_2__Corte-carrito._MIGUEL5.mp4
L48__dia__accion___7___JUAN15ABRILtestcamara_1_121__Corte-hurgar_AINHOA1.npy,48,train,1.033,905,122,1120,337,25,dia,accion___7___JUAN15ABRILtestcamara_1_121__Corte-hurgar_AINHOA1.mp4
L04__todo_showroom__accion___4___showroom_ROBO_BONI_3_2024-12-18_09-06-24_obvio_testTOMA_DE_DATOS_1_319__-corto-termino.npy,4,train,1.082,871,120,1257,506,25,todo_showroom,accion___4___showroom_ROBO_BONI_3_2024-12-18_09-06-24_obvio_testTOMA_DE_DATOS_1_319__-corto-termino.mp4
L02__dia__accion___2___JUAN15ABRILtestcamara_4_185__Corte-carrito_JOSE2.npy,2,train,1.036,260,153,754,647,25,dia,accion___2___JUAN15ABRILtestcamara_4_185__Corte-carrito_JOSE2.mp4
L11__dia__accion___9___JUAN15ABRILtestcamara_3_122__Corte-topar_AINHOA3.npy,11,train,1.078,396,427,820,851,25,dia,accion___9___JUAN15ABRILtestcamara_3_122__Corte-topar_AINHOA3.mp4
L03__dia__accion___3___JUAN15ABRILtestcamara_2_33__Corte-sacar._JUAN12.npy,3,val,1.0,770,128,1040,398,25,dia,accion___3___JUAN15ABRILtestcamara_2_33__Corte-sacar._JUAN12.mp4
"L13__ainhoa__accion___13___OCT10_bolsost4_18__-Corte,-saco.__metadata-informacion.-Zona-norte-3.-Robo-bolso..npy",13,train,1.013,776,132,1008,364,25,ainhoa,"accion___13___OCT10_bolsost4_18__-Corte,-saco.__metadata-informacion.-Zona-norte-3.-Robo-bolso..mp4"
L10__ainhoa__accion___10___OCT04_primera_t1_293__-corte-y-sostengo.__metadata-informacion.-Zona-Sur-1.-Robo-abrigo..npy,10,train,1.048,651,98,821,268,25,ainhoa,accion___10___OCT04_primera_t1_293__-corte-y-sostengo.__metadata-informacion.-Zona-Sur-1.-Robo-abrigo..mp4
L22__ainhoa__accion___22___mochielat3_14__-una-una.npy,22,train,1.078,1082,374,1702,994,25,ainhoa,accion___22___mochielat3_14__-una-una.mp4
L48__dia__accion___7___MIGUEL1testcamara_3_56__Corte-urgo_JOSESEC2.npy,48,train,1.055,739,206,1167,634,25,dia,accion___7___MIGUEL1testcamara_3_56__Corte-urgo_JOSESEC2.mp4
L29__ainhoa__accion___29___sentarset2_119__-corte-abajo..npy,29,train,1.017,867,274,1179,586,25,ainhoa,accion___29___sentarset2_119__-corte-abajo..mp4
L14__dia__accion___14___MIGUEL1testcamara_1_8__Corte-guardar._JOSESEC3.npy,14,val,1.016,719,192,1047,520,25,dia,accion___14___MIGUEL1testcamara_1_8__Corte-guardar._JOSESEC3.mp4
L04__todo_showroom__accion___4___showroom_ROBO_BONI_3_2024-12-18_09-06-24_obvio_testTOMA_DE_DATOS_1_237__-Termino..npy,4,train,1.08,833,97,1112,376,25,todo_showroom,accion___4___showroom_ROBO_BONI_3_2024-12-18_09-06-24_obvio_testTOMA_DE_DATOS_1_237__-Termino..mp4
"L11__dia__accion___24___JUAN15ABRILtestcamara_3_38__Corte,-bajar-mano._JUAN3.npy",11,train,1.027,588,76,954,442,25,dia,"accion___24___JUAN15ABRILtestcamara_3_38__Corte,-bajar-mano._JUAN3.mp4"
"L11__ainhoa__accion___11___OCT04_primera_t3_1119__-Corte,-inicio.-Corte,-agarro.__metadata-informacion.-Zona-sur-1.-Robo-abrigo..npy",11,train,1.099,1306,573,1766,1033,25,ainhoa,"accion___11___OCT04_primera_t3_1119__-Corte,-inicio.-Corte,-agarro.__metadata-informacion.-Zona-sur-1.-Robo-abrigo..mp4"
L01__ainhoa__accion___1___SEP30_t1_27__-corte-agarro__metadata-informacion-Zona-norte-3-Objeto-camisa-Categoria-textil-Robo-abrigo.npy,1,train,1.054,490,234,823,567,25,ainhoa,accion___1___SEP30_t1_27__-corte-agarro__metadata-informacion-Zona-norte-3-Objeto-camisa-Categoria-textil-Robo-abrigo.mp4
"L14__ainhoa__accion___14___OCT10_bolsost2_201__-Corte,-guardo.__metadata-informacion..npy",14,train,1.019,1009,170,1198,359,25,ainhoa,"accion___14___OCT10_bolsost2_201__-Corte,-guardo.__metadata-informacion..mp4"
L11__ainhoa__accion___11___OCT10_abrigost4_211__-Corte-Inicio-Corte-Agarro__metadata-informacion.-Zona-Sur-1.-Robo-abrigo..npy,11,train,1.084,672,586,1127,1041,25,ainhoa,accion___11___OCT10_abrigost4_211__-Corte-Inicio-Corte-Agarro__metadata-informacion.-Zona-Sur-1.-Robo-abrigo..mp4
"L04__todo_showroom__accion___4___showroom_ROBO_BONI_3_2024-12-18_09-06-24_obvio_testTOMA_DE_DATOS_2_196__-Corto,-termino..npy",4,train,1.066,1002,143,1236,377,25,todo_showroom,"accion___4___showroom_ROBO_BONI_3_2024-12-18_09-06-24_obvio_testTOMA_DE_DATOS_2_196__-Corto,-termino..mp4"
L03__ainhoa__accion___3___SEP26_primera_t2_780__-Corte-saco.__metadata-informacion-Zona-norte-2-Objeto-camiseta-Categoria-textil-Robo-bolso.npy,3,train,1.036,924,232,1189,497,25,ainhoa,accion___3___SEP26_primera_t2_780__-Corte-saco.__metadata-informacion-Zona-norte-2-Objeto-camiseta-Categoria-textil-Robo-bolso.mp4
L02__ainhoa__accion___2___SEP26_primera_t1_305__-Forte-dejo.__metadata-informacion.-Zona-centro-1-Objeto-pantalon.-Categoria-textil-Robo-abrigo.npy,2,train,1.041,846,185,1103,442,25,ainhoa,accion___2___SEP26_primera_t1_305__-Forte-dejo.__metadata-informacion.-Zona-centro-1-Objeto-pantalon.-Categoria-textil-Robo-abrigo.mp4
L13__dia__accion___13___MIGUEL1testcamara_4_165__Corte-sacar_JOSESEC3.npy,13,val,1.023,492,131,771,410,25,dia,accion___13___MIGUEL1testcamara_4_165__Corte-sacar_JOSESEC3.mp4
"L42__ainhoa__accion___42___gafast2_23__-Corte,-quitar.npy",42,train,1.094,873,203,1178,508,25,ainhoa,"accion___42___gafast2_23__-Corte,-quitar.mp4"
L03__ainhoa__accion___3___OCT01_primera_t4_1192__-Corte-saco__metadata-informacion-Zona-norte-4-Objeto-camiseta-Categoria-textil-Robo-bolsillo.npy,3,train,1.063,687,227,1017,557,25,ainhoa,accion___3___OCT01_primera_t4_1192__-Corte-saco__metadata-informacion-Zona-norte-4-Objeto-camiseta-Categoria-textil-Robo-bolsillo.mp4
"L12__ainhoa__accion___12___OCT09_t1_454__-Corte,-dejo.__metadata-informacion.-Zona-norte-3.-Robo-bolso..npy",12,train,1.025,904,148,1121,365,25,ainhoa,"accion___12___OCT09_t1_454__-Corte,-dejo.__metadata-informacion.-Zona-norte-3.-Robo-bolso..mp4"
L14__dia__accion___14___MIGUEL1testcamara_2_302__Corte-guardo_JOSESEC3.npy,14,train,1.094,697,190,1031,524,25,dia,accion___14___MIGUEL1testcamara_2_302__Corte-guardo_JOSESEC3.mp4
"L14__ainhoa__accion___14___OCT09_t4_465__-Guarde,-guardo.__metadata-informacion.-Zona-Centro-1.-Robo-bolso..npy",14,train,1.045,323,262,643,582,25,ainhoa,"accion___14___OCT09_t4_465__-Guarde,-guardo.__metadata-informacion.-Zona-Centro-1.-Robo-bolso..mp4"
L00__dia__accion___0___JUAN15ABRILtestcamara_3_177__Corte-leer._JUAN11.npy,0,train,1.051,551,581,935,965,25,dia,accion___0___JUAN15ABRILtestcamara_3_177__Corte-leer._JUAN11.mp4
"L02__ainhoa__accion___2___OCT01_primera_t3_1031__-Corte,-dejo.__metadata-informacion.-Zona-norte-2.-Objeto-camiseta.-Categoria-textil.-Robo-bolsillo..npy",2,train,1.096,453,228,838,613,25,ainhoa,"accion___2___OCT01_primera_t3_1031__-Corte,-dejo.__metadata-informacion.-Zona-norte-2.-Objeto-camiseta.-Categoria-textil.-Robo-bolsillo..mp4"
L02__dia__accion___2___JUAN15ABRILtestcamara_4_150__Corte-dejar-carrito._JUAN7.npy,2,train,1.093,236,200,661,625,25,dia,accion___2___JUAN15ABRILtestcamara_4_150__Corte-dejar-carrito._JUAN7.mp4
L04__dia_guardar__accion___4___obvioJUAN15ABRILtestcamara_1_55__Korte-guardar._AINHOA1.npy,4,train,1.025,886,117,1076,307,25,dia_guardar,accion___4___obvioJUAN15ABRILtestcamara_1_55__Korte-guardar._AINHOA1.mp4
L14__ainhoa__accion___14___OCT10_bolsost2_76__-guardo.__metadata-informacion.-Zona-centro-2.-Robo-bolso..npy,14,val,1.061,738,172,960,394,25,ainhoa,accion___14___OCT10_bolsost2_76__-guardo.__metadata-informacion.-Zona-centro-2.-Robo-bolso..mp4
"L02__dia__accion___2___MIGUEL1testcamara_2_293__Corte,-dejo_JOSESEC1.npy",2,train,1.001,1024,157,1248,381,25,dia,"accion___2___MIGUEL1testcamara_2_293__Corte,-dejo_JOSESEC1.mp4"
"L00__ainhoa__accion___0___SEP30_t4_368__-Corte,-sostengo.__metadata-informacion.-Zona-centro-1.-Objeto-camiseta.-Categoria-textil.-Robo-abrigo..npy",0,train,1.039,522,135,752,365,25,ainhoa,"accion___0___SEP30_t4_368__-Corte,-sostengo.__metadata-informacion.-Zona-centro-1.-Objeto-camiseta.-Categoria-textil.-Robo-abrigo..mp4"
L01__dia__accion___1___JUAN15ABRILtestcamara_1_155__Corte-agarrar._JUAN5.npy,1,train,1.039,877,202,1348,673,25,dia,accion___1___JUAN15ABRILtestcamara_1_155__Corte-agarrar._JUAN5.mp4
"L38__ainhoa__accion___38___chaquetat3_82__-Corte,-poner..npy",38,train,1.047,631,238,1260,867,25,ainhoa,"accion___38___chaquetat3_82__-Corte,-poner..mp4"
L11__dia__accion___11___MIGUEL1testcamara_4_124__Corte-agarrar._MIGUEL5.npy,11,train,1.071,64,376,531,843,25,dia,accion___11___MIGUEL1testcamara_4_124__Corte-agarrar._MIGUEL5.mp4
"L04__ainhoa__accion___4___obvio_SEP30_t2_350__-corte,-guardo.__metadata-informacion.npy",4,train,1.047,873,291,1188,606,25,ainhoa,"accion___4___obvio_SEP30_t2_350__-corte,-guardo.__metadata-informacion.mp4"
"L04__todo_showroom__accion___4___showroom_ROBO_BONI_1_2024-12-17_10-57-57_obvio_testTOMA_DE_DATOS_2_287__-corto,-termino..npy",4,train,1.057,804,115,1026,337,25,todo_showroom,"accion___4___showroom_ROBO_BONI_1_2024-12-17_10-57-57_obvio_testTOMA_DE_DATOS_2_287__-corto,-termino..mp4"
L03__ainhoa__accion___3___SEP30_t2_688__-Corte-Saco__metadata-informacion-Zona-norte-4-Objeto-camiseta-Categoria-textil-Robo-bolso.npy,3,val,1.019,918,230,1173,485,25,ainhoa,accion___3___SEP30_t2_688__-Corte-Saco__metadata-informacion-Zona-norte-4-Objeto-camiseta-Categoria-textil-Robo-bolso.mp4
L06__ainhoa__accion___6___n.primera_17.4_11__-Corte.-17..npy,6,train,1.004,486,81,738,333,25,ainhoa,accion___6___n.primera_17.4_11__-Corte.-17..mp4
L01__ainhoa__accion___1___OCT01_primera_t1_1272__-Corte-agarro.__metadata-informacion-Zona-Sur-3-Objeto-Camiseta-Categoria-Textil-Robo-bolsillo.npy,1,train,1.095,877,115,1077,315,25,ainhoa,accion___1___OCT01_primera_t1_1272__-Corte-agarro.__metadata-informacion-Zona-Sur-3-Objeto-Camiseta-Categoria-Textil-Robo-bolsillo.mp4
L11__ainhoa__accion___11___OCT10_bolsillost1_385__-Agarra.npy,11,train,1.098,920,192,1180,452,25,ainhoa,accion___11___OCT10_bolsillost1_385__-Agarra.mp4
L02__dia__accion___2___MIGUEL1testcamara_4_201__corte-carrito_JOSESEC2.npy,2,train,1.067,360,218,761,619,25,dia,accion___2___MIGUEL1testcamara_4_201__corte-carrito_JOSESEC2.mp4
"L34__ainhoa__accion___34___bolsot1_116__-corte,-dejo.npy",34,val,1.031,894,182,1155,443,25,ainhoa,"accion___34___bolsot1_116__-corte,-dejo.mp4"
L01__ainhoa__accion___1___OCT01_primera_t4_712__-Corte--Agarro__metadata-informacion-Zona-sur-3-Objeto-blusa-Categoria-textil-Robo-bolsillo.npy,1,train,1.013,206,360,584,738,25,ainhoa,accion___1___OCT01_primera_t4_712__-Corte--Agarro__metadata-informacion-Zona-sur-3-Objeto-blusa-Categoria-textil-Robo-bolsillo.mp4
L02__dia__accion___2___JUAN15ABRILtestcamara_3_75__corte-carrito_AINHOA4.npy,2,val,1.076,448,394,973,919,25,dia,accion___2___JUAN15ABRILtestcamara_3_75__corte-carrito_AINHOA4.mp4
"L48__ainhoa__accion___4___no_obvio_SEP30_t4_212__-corte,-guardo__metadata-informacion,-zona-sur-3-Objeto-blusa,-categoria-textil-Robo-abrigo.npy",48,train,1.004,87,572,503,988,25,ainhoa,"accion___4___no_obvio_SEP30_t4_212__-corte,-guardo__metadata-informacion,-zona-sur-3-Objeto-blusa,-categoria-textil-Robo-abrigo.mp4"
L14__ainhoa__accion___14___OCT10_bolsost2_515__-Corte-guardo.__metadata-informacion.-Zona-centro-1.-Robo-bolso..npy,14,train,1.063,989,203,1215,429,25,ainhoa,accion___14___OCT10_bolsost2_515__-Corte-guardo.__metadata-informacion.-Zona-centro-1.-Robo-bolso..mp4
"L11__dia__accion___11___MIGUEL1testcamara_1_337__Corte,-agarrar_MIGUEL3.npy",11,val,1.059,598,71,841,314,25,dia,"accion___11___MIGUEL1testcamara_1_337__Corte,-agarrar_MIGUEL3.mp4"
L02__dia__accion___2___JUAN15ABRILtestcamara_1_78__Corte-dejar._JUAN10.npy,2,train,1.081,853,94,1124,365,25,dia,accion___2___JUAN15ABRILtestcamara_1_78__Corte-dejar._JUAN10.mp4
L06__ainhoa__accion___6___n.segunda_17.2_31__-Corte.-17..npy,6,train,1.07,942,0,1296,354,25,ainhoa,accion___6___n.segunda_17.2_31__-Corte.-17..mp4
"L02__dia__accion___2___JUAN15ABRILtestcamara_1_18__Corte,-carrito._JUAN7.npy",2,train,1.094,789,78,1072,361,25,dia,"accion___2___JUAN15ABRILtestcamara_1_18__Corte,-carrito._JUAN7.mp4"
"L04__ainhoa__accion___4___obvio_SEP26_primera_t2_1078__-corte-guardo.__metadata-informacion,-zona-sur-3-Objeto,-jersey-Categoria,-textil-Robo,-bolso.npy",4,train,1.09,971,162,1171,362,25,ainhoa,"accion___4___obvio_SEP26_primera_t2_1078__-corte-guardo.__metadata-informacion,-zona-sur-3-Objeto,-jersey-Categoria,-textil-Robo,-bolso.mp4"
"L01__ainhoa__accion___1___SEP30_t1_308__-Corte,-agarro.__metadata-informacion.-Zona-norte-2.-Objeto-camiseta.-Categoria-textil.-Robo-abrigo..npy",1,train,1.059,919,185,1177,443,25,ainhoa,"accion___1___SEP30_t1_308__-Corte,-agarro.__metadata-informacion.-Zona-norte-2.-Objeto-camiseta.-Categoria-textil.-Robo-abrigo..mp4"
L11__ainhoa__accion___11___OCT04_primera_t4_152__-Corte-agarro.__metadata-informacion.-Zona-centro-2.-Robo-abrigo..npy,11,train,1.076,747,221,1094,568,25,ainhoa,accion___11___OCT04_primera_t4_152__-Corte-agarro.__metadata-informacion.-Zona-centro-2.-Robo-abrigo..mp4
"L04__ainhoa__accion___4___obvio_OCT01_primera_t2_960__-Corte,-guardo.__metadata-informacion-Zona-Sur-3-Objeto-Camisa-Categoria-Textil-Robo-bolsillo.npy",4,train,1.065,1012,170,1207,365,25,ainhoa,"accion___4___obvio_OCT01_primera_t2_960__-Corte,-guardo.__metadata-informacion-Zona-Sur-3-Objeto-Camisa-Categoria-Textil-Robo-bolsillo.mp4"
L13__ainhoa__accion___13___OCT04_primera_t2_19__-Corte-Saco__metadata-informacion.-Zona-norte-3.-Robo-abrigo..npy,13,train,1.046,589,257,891,559,25,ainhoa,accion___13___OCT04_primera_t2_19__-Corte-Saco__metadata-informacion.-Zona-norte-3.-Robo-abrigo..mp4
L04__todo_showroom__accion___4___showroom_ROBO_BONI_2_2024-12-17_12-10-28_no-obvio_testTOMA_DE_DATOS_3_296__-corto-termino..npy,4,train,1.066,492,102,830,440,25,todo_showroom,accion___4___showroom_ROBO_BONI_2_2024-12-17_12-10-28_no-obvio_testTOMA_DE_DATOS_3_296__-corto-termino..mp4
"L12__dia__accion___12___MIGUEL1testcamara_1_341__Corte,-dejar_MIGUEL4.npy",12,train,1.054,825,136,1095,406,25,dia,"accion___12___MIGUEL1testcamara_1_341__Corte,-dejar_MIGUEL4.mp4"
"L03__dia__accion___3___JUAN15ABRILtestcamara_4_6__Corte,-sacar._JUAN5.npy",3,val,1.081,471,197,947,673,25,dia,"accion___3___JUAN15ABRILtestcamara_4_6__Corte,-sacar._JUAN5.mp4"
"L04__todo_showroom__accion___4___showroom_ROBO_MIGUEL_1_2024-12-18_16-51-43_obvio_testTOMA_DE_DATOS_2_408__-corte,-termino.npy",4,train,1.035,785,120,990,325,25,todo_showroom,"accion___4___showroom_ROBO_MIGUEL_1_2024-12-18_16-51-43_obvio_testTOMA_DE_DATOS_2_408__-corte,-termino.mp4"
"L04__todo_showroom__accion___4___showroom_ROBO_MIGUEL_1_2024-12-18_16-51-43_obvio_testTOMA_DE_DATOS_3_150__-Corte,-termino..npy",4,train,1.051,435,98,828,491,25,todo_showroom,"accion___4___showroom_ROBO_MIGUEL_1_2024-12-18_16-51-43_obvio_testTOMA_DE_DATOS_3_150__-Corte,-termino..mp4"
"L04__todo_showroom__accion___4___showroom_ROBO_MIGUEL_1_2024-12-18_16-51-43_obvio_testTOMA_DE_DATOS_1_326__-Corte,-termino..npy",4,train,1.012,583,121,864,402,25,todo_showroom,"accion___4___showroom_ROBO_MIGUEL_1_2024-12-18_16-51-43_obvio_testTOMA_DE_DATOS_1_326__-Corte,-termino..mp4"
L11__dia__accion___11___MIGUEL1testcamara_1_180__Corte-agarrar_MIGUEL4.npy,11,val,1.073,601,78,836,313,25,dia,accion___11___MIGUEL1testcamara_1_180__Corte-agarrar_MIGUEL4.mp4
"L12__ainhoa__accion___12___OCT10_abrigost2_16__-Corte,-dejo.__metadata-informacion.-Zona-norte-3.-Robo-abrigo..npy",12,train,1.019,562,253,848,539,25,ainhoa,"accion___12___OCT10_abrigost2_16__-Corte,-dejo.__metadata-informacion.-Zona-norte-3.-Robo-abrigo..mp4"
"L48__dia__accion___7___MIGUEL1testcamara_1_306__Corte,-urgo_JOSESEC3.npy",48,train,1.031,685,101,915,331,25,dia,"accion___7___MIGUEL1testcamara_1_306__Corte,-urgo_JOSESEC3.mp4"
L02__dia__accion___2___JUAN15ABRILtestcamara_4_31__Corte-dejar-carrito._AINHOA1.npy,2,train,1.077,615,182,1135,702,25,dia,accion___2___JUAN15ABRILtestcamara_4_31__Corte-dejar-carrito._AINHOA1.mp4
L14__ainhoa__accion___14___OCT09_t3_337__-Corte-y-guardo.__metadata-informacion.-Zona-Sur-1.-Robo-bolso..npy,14,val,1.084,675,731,1024,1080,25,ainhoa,accion___14___OCT09_t3_337__-Corte-y-guardo.__metadata-informacion.-Zona-Sur-1.-Robo-bolso..mp4
"L02__dia__accion___2___MIGUEL1testcamara_3_435__Corte,-dejo_JOSESEC1.npy",2,train,1.035,486,283,907,704,25,dia,"accion___2___MIGUEL1testcamara_3_435__Corte,-dejo_JOSESEC1.mp4"
L12__ainhoa__accion___12___OCT10_bolsost2_86__-te-dejo.__metadata-informacion.-Zona-centro-2.-Robo-bolso..npy,12,train,1.067,707,171,933,397,25,ainhoa,accion___12___OCT10_bolsost2_86__-te-dejo.__metadata-informacion.-Zona-centro-2.-Robo-bolso..mp4
L02__dia__accion___2___JUAN15ABRILtestcamara_3_148__Corte-carrito._JUAN7.npy,2,val,1.041,430,167,972,709,25,dia,accion___2___JUAN15ABRILtestcamara_3_148__Corte-carrito._JUAN7.mp4
L02__dia__accion___2___JUAN15ABRILtestcamara_2_290__Corte-carrito._JOSE2.npy,2,train,1.019,900,145,1119,364,25,dia,accion___2___JUAN15ABRILtestcamara_2_290__Corte-carrito._JOSE2.mp4
L39__ainhoa__accion___39___chaquetat4_4__-Corte-guitarra.npy,39,train,1.012,715,143,980,408,25,ainhoa,accion___39___chaquetat4_4__-Corte-guitarra.mp4
L04__todo_showroom__accion___4___showroom_ROBO_BONI_2_2024-12-17_12-10-28_obvio_testTOMA_DE_DATOS_1_208__-Corto-termino..npy,4,train,1.062,869,101,1103,335,25,todo_showroom,accion___4___showroom_ROBO_BONI_2_2024-12-17_12-10-28_obvio_testTOMA_DE_DATOS_1_208__-Corto-termino..mp4
"L02__ainhoa__accion___2___OCT01_primera_t2_755__-Corte,-dejo.__metadata-informacion-Zona-sur-1-Objeto-falda-Categoria-textil-Drobo-bolsillo.npy",2,train,1.046,832,130,1001,299,25,ainhoa,"accion___2___OCT01_primera_t2_755__-Corte,-dejo.__metadata-informacion-Zona-sur-1-Objeto-falda-Categoria-textil-Drobo-bolsillo.mp4"
"L12__ainhoa__accion___12___OCT04_primera_t1_280__-Corte,-dejo.__metadata-informacion.-Zona-Sur-1.-Robo-abrigo..npy",12,val,1.05,632,98,803,269,25,ainhoa,"accion___12___OCT04_primera_t1_280__-Corte,-dejo.__metadata-informacion.-Zona-Sur-1.-Robo-abrigo..mp4"
L01__dia__accion___1___JUAN15ABRILtestcamara_3_184__Corte-tomar._JUAN12.npy,1,train,1.086,546,130,1006,590,25,dia,accion___1___JUAN15ABRILtestcamara_3_184__Corte-tomar._JUAN12.mp4
"L14__ainhoa__accion___14___OCT04_primera_t4_1082__-corte,-guardo.__metadata-informacion.-Zona-Sur-1..npy",14,train,1.026,609,632,1046,1069,25,ainhoa,"accion___14___OCT04_primera_t4_1082__-corte,-guardo.__metadata-informacion.-Zona-Sur-1..mp4"
L05__ainhoa__accion___5___segunda-tirada-11.2m_4__-Corte.-Once._muy_l4rg0_2.npy,5,train,1.083,598,107,1084,593,25,ainhoa,accion___5___segunda-tirada-11.2m_4__-Corte.-Once._muy_l4rg0_2.mp4
L02__dia__accion___2___JUAN15ABRILtestcamara_1_19__Corte-dejar._JUAN10.npy,2,val,1.047,850,86,1091,327,25,dia,accion___2___JUAN15ABRILtestcamara_1_19__Corte-dejar._JUAN10.mp4
"L48__todo_showroom__accion___14___showroom_ROBO_JOSE_1_2024-12-16_13-02-13_no_obvio_testTOMA_DE_DATOS_1_38__-Corte,-termino.-Corte,-termino..npy",48,train,1.063,838,92,1045,299,25,todo_showroom,"accion___14___showroom_ROBO_JOSE_1_2024-12-16_13-02-13_no_obvio_testTOMA_DE_DATOS_1_38__-Corte,-termino.-Corte,-termino..mp4"
"L11__dia__accion___11___MIGUEL1testcamara_3_52__Corte,-agarrar_MIGUEL4.npy",11,train,1.038,1048,208,1538,698,25,dia,"accion___11___MIGUEL1testcamara_3_52__Corte,-agarrar_MIGUEL4.mp4"
"L11__dia__accion___9___JUAN15ABRILtestcamara_1_38__Corte,-topar_JUAN11.npy",11,train,1.015,617,102,916,401,25,dia,"accion___9___JUAN15ABRILtestcamara_1_38__Corte,-topar_JUAN11.mp4"
L35__ainhoa__accion___35___bolsot1_36__-Corte-agarro..npy,35,train,1.064,936,224,1240,528,25,ainhoa,accion___35___bolsot1_36__-Corte-agarro..mp4
L13__ainhoa__accion___13___OCT03_primera_t1_428__-Corte-Saco__metadata-informacion.-Zona-centro-2.-Robo-bolso..npy,13,train,1.062,623,154,852,383,25,ainhoa,accion___13___OCT03_primera_t1_428__-Corte-Saco__metadata-informacion.-Zona-centro-2.-Robo-bolso..mp4
L48__dia__accion___7___JUAN15ABRILtestcamara_4_107__Corte-hurgar._JUAN13.npy,48,train,1.089,188,219,566,597,25,dia,accion___7___JUAN15ABRILtestcamara_4_107__Corte-hurgar._JUAN13.mp4
L03__dia__accion___3___JUAN15ABRILtestcamara_3_124__Corte-sacar._JUAN10.npy,3,train,1.024,526,219,1020,713,25,dia,accion___3___JUAN15ABRILtestcamara_3_124__Corte-sacar._JUAN10.mp4
L13__ainhoa__accion___13___OCT03_primera_t1_637__-Corte-saco.__metadata-informacion..npy,13,train,1.024,913,203,1156,446,25,ainhoa,accion___13___OCT03_primera_t1_637__-Corte-saco.__metadata-informacion..mp4
L48__todo_showroom__accion___14___showroom_ROBO_BONI_1_2024-12-17_10-57-57_no_obvio_testTOMA_DE_DATOS_2_275__-corto-termino.npy,48,train,1.046,953,205,1297,549,25,todo_showroom,accion___14___showroom_ROBO_BONI_1_2024-12-17_10-57-57_no_obvio_testTOMA_DE_DATOS_2_275__-corto-termino.mp4
L48__dia__accion___7___JUAN15ABRILtestcamara_1_197__Korte-urgar_AINHOA3.npy,48,val,1.056,801,157,977,333,25,dia,accion___7___JUAN15ABRILtestcamara_1_197__Korte-urgar_AINHOA3.mp4
L04__todo_showroom__accion___4___showroom_ROBO_JOSE_1_2024-12-16_13-02-13_obvio_testTOMA_DE_DATOS_4_133__-Corte-carmino.npy,4,train,1.001,726,193,1058,525,25,todo_showroom,accion___4___showroom_ROBO_JOSE_1_2024-12-16_13-02-13_obvio_testTOMA_DE_DATOS_4_133__-Corte-carmino.mp4
"L11__dia__accion___24___JUAN15ABRILtestcamara_2_52__Corte,-bajar-mano._JUAN5.npy",11,val,1.1,726,133,1043,450,25,dia,"accion___24___JUAN15ABRILtestcamara_2_52__Corte,-bajar-mano._JUAN5.mp4"
L04__todo_showroom__accion___4___showroom_ROBO_BONI_2_2024-12-17_12-10-28_no-obvio_testTOMA_DE_DATOS_3_16__-corto-termino.npy,4,val,1.051,474,99,811,436,25,todo_showroom,accion___4___showroom_ROBO_BONI_2_2024-12-17_12-10-28_no-obvio_testTOMA_DE_DATOS_3_16__-corto-termino.mp4
L11__ainhoa__accion___11___OCT04_primera_t1_1403__-Corte-agarro.__metadata-informacion.-Zona-norte-3.-Robo-abrigo..npy,11,train,1.011,567,250,864,547,25,ainhoa,accion___11___OCT04_primera_t1_1403__-Corte-agarro.__metadata-informacion.-Zona-norte-3.-Robo-abrigo..mp4
L03__dia__accion___3___MIGUEL1testcamara_4_213__corte-saco_JOSESEC2.npy,3,train,1.067,491,117,793,419,25,dia,accion___3___MIGUEL1testcamara_4_213__corte-saco_JOSESEC2.mp4
"L12__ainhoa__accion___12___OCT04_primera_t3_308__-Corte,-dejo.__metadata-informacion.-Zona-Sur-1.-Robo-abrigo..npy",12,train,1.044,1265,574,1714,1023,25,ainhoa,"accion___12___OCT04_primera_t3_308__-Corte,-dejo.__metadata-informacion.-Zona-Sur-1.-Robo-abrigo..mp4"
L35__ainhoa__accion___35___bolsot2_56__-corte-agarro.npy,35,val,1.025,665,210,947,492,25,ainhoa,accion___35___bolsot2_56__-corte-agarro.mp4
L48__todo_showroom__accion___14___showroom_ROBO_MIGUEL_1_2024-12-18_16-51-43_no_obvio_testTOMA_DE_DATOS_4_136__-Corte-y-termino..npy,48,val,1.053,691,250,1137,696,25,todo_showroom,accion___14___showroom_ROBO_MIGUEL_1_2024-12-18_16-51-43_no_obvio_testTOMA_DE_DATOS_4_136__-Corte-y-termino..mp4
L00__dia__accion___0___JUAN15ABRILtestcamara_3_196__Corte-leer._JUAN10.npy,0,train,1.066,1039,264,1558,783,25,dia,accion___0___JUAN15ABRILtestcamara_3_196__Corte-leer._JUAN10.mp4
"L14__ainhoa__accion___14___OCT09_t2_465__-Guarde,-guardo.__metadata-informacion.-Zona-Centro-1.-Robo-bolso..npy",14,train,1.044,996,206,1215,425,25,ainhoa,"accion___14___OCT09_t2_465__-Guarde,-guardo.__metadata-informacion.-Zona-Centro-1.-Robo-bolso..mp4"
L14__ainhoa__accion___14___OCT04_primera_t2_1312__-Corte-guardo.__metadata-informacion.-Zona-norte-4.-Robo-abrigo..npy,14,train,1.039,662,212,909,459,25,ainhoa,accion___14___OCT04_primera_t2_1312__-Corte-guardo.__metadata-informacion.-Zona-norte-4.-Robo-abrigo..mp4
L00__dia__accion___0___JUAN15ABRILtestcamara_2_202__Corte-leer._JUAN10.npy,0,train,1.058,801,116,1016,331,25,dia,accion___0___JUAN15ABRILtestcamara_2_202__Corte-leer._JUAN10.mp4
L48__dia__accion___48___MIGUEL1testcamara_3_480__Corte-manipulo_JOSESEC1.npy,48,train,1.089,491,219,1082,810,25,dia,accion___48___MIGUEL1testcamara_3_480__Corte-manipulo_JOSESEC1.mp4
"L13__ainhoa__accion___13___OCT03_primera_t1_693__-Corte,-saco.__metadata-informacion.-Zona-norte-4.-Robo-bolsillo..npy",13,train,1.061,619,186,885,452,25,ainhoa,"accion___13___OCT03_primera_t1_693__-Corte,-saco.__metadata-informacion.-Zona-norte-4.-Robo-bolsillo..mp4"
"L12__dia__accion___12___MIGUEL1testcamara_3_217__Corte,-dejar_MIGUEL5.npy",12,train,1.004,410,313,885,788,25,dia,"accion___12___MIGUEL1testcamara_3_217__Corte,-dejar_MIGUEL5.mp4"
"L02__dia__accion___2___JUAN15ABRILtestcamara_4_26__Corte,-carrito_JUAN6.npy",2,val,1.096,662,102,1000,440,25,dia,"accion___2___JUAN15ABRILtestcamara_4_26__Corte,-carrito_JUAN6.mp4"
L40__ainhoa__accion___40___corrert3_66__-contrary.npy,40,train,1.005,668,87,1516,935,25,ainhoa,accion___40___corrert3_66__-contrary.mp4
"L02__ainhoa__accion___2___SEP30_t3_1156__-corte,-dejo__metadata-informacion-Zona-norte-1-Objeto-sujetador-Categoria-textil-Robo-bolso.npy",2,train,1.042,479,66,778,365,25,ainhoa,"accion___2___SEP30_t3_1156__-corte,-dejo__metadata-informacion-Zona-norte-1-Objeto-sujetador-Categoria-textil-Robo-bolso.mp4"
L01__dia__accion___1___JUAN15ABRILtestcamara_3_29__Corte-agarrar._JUAN13.npy,1,train,1.092,1011,175,1559,723,25,dia,accion___1___JUAN15ABRILtestcamara_3_29__Corte-agarrar._JUAN13.mp4
L23__ainhoa__accion___23___relojt1_58__-Corte-mirar.__metadata-informno-metadata.npy,23,train,1.016,662,136,867,341,25,ainhoa,accion___23___relojt1_58__-Corte-mirar.__metadata-informno-metadata.mp4
L01__dia__accion___1___JUAN15ABRILtestcamara_1_155__Corte-tomar_JOSE2.npy,1,train,1.059,681,96,1143,558,25,dia,accion___1___JUAN15ABRILtestcamara_1_155__Corte-tomar_JOSE2.mp4
L11__ainhoa__accion___11___OCT10_bolsost2_306__-Corte-agarro__metadata-informacion..npy,11,train,1.05,1011,200,1242,431,25,ainhoa,accion___11___OCT10_bolsost2_306__-Corte-agarro__metadata-informacion..mp4
"L10__ainhoa__accion___10___OCT04_primera_t2_979__-corte,-sostengo__metadata-informacion.-Zona-Sur-3.-Robo-abrigo..npy",10,train,1.063,1023,177,1216,370,25,ainhoa,"accion___10___OCT04_primera_t2_979__-corte,-sostengo__metadata-informacion.-Zona-Sur-3.-Robo-abrigo..mp4"
L40__ainhoa__accion___40___corrert2_77__-correr..npy,40,train,1.075,852,136,1067,351,25,ainhoa,accion___40___corrert2_77__-correr..mp4
L47__dia__accion___42___MIGUEL1testcamara_1_245__Corte-caminar._MIGUEL2.npy,47,train,1.018,737,84,980,327,25,dia,accion___42___MIGUEL1testcamara_1_245__Corte-caminar._MIGUEL2.mp4
L01__dia__accion___1___JUAN15ABRILtestcamara_4_3__Corte-agarrar._JUAN3.npy,1,train,1.063,211,238,637,664,25,dia,accion___1___JUAN15ABRILtestcamara_4_3__Corte-agarrar._JUAN3.mp4
"L03__ainhoa__accion___3___SEP26_primera_t1_838__-Corte-el-saco.__metadata-informacion,-zona-sur-3-Objeto,-cinturon-Categoria-textil-Robo-bolso.npy",3,train,1.068,829,150,1052,373,25,ainhoa,"accion___3___SEP26_primera_t1_838__-Corte-el-saco.__metadata-informacion,-zona-sur-3-Objeto,-cinturon-Categoria-textil-Robo-bolso.mp4"
"L48__dia__accion___48___MIGUEL1testcamara_2_71__Corte,-manipulo._JOSESEC1.npy",48,val,1.035,983,169,1224,410,25,dia,"accion___48___MIGUEL1testcamara_2_71__Corte,-manipulo._JOSESEC1.mp4"
"L00__ainhoa__accion___0___OCT01_primera_t3_400__-corte,-sostengo__metadata-informacion-Zona-norte-4-Objeto-camiseta-Categoria-textil-Robo-bolsillo.npy",0,train,1.017,851,132,1138,419,25,ainhoa,"accion___0___OCT01_primera_t3_400__-corte,-sostengo__metadata-informacion-Zona-norte-4-Objeto-camiseta-Categoria-textil-Robo-bolsillo.mp4"
"L47__dia__accion___47___JUAN15ABRILtestcamara_4_48__Corte,-empujo,-empujo._JUAN11.npy",47,train,1.008,375,169,856,650,25,dia,"accion___47___JUAN15ABRILtestcamara_4_48__Corte,-empujo,-empujo._JUAN11.mp4"
L14__ainhoa__accion___14___OCT04_primera_t4_461__-Corte-guardo.__metadata-informacion.-Zona-Sur-3.-Probo-abrigo..npy,14,train,1.078,193,387,576,770,25,ainhoa,accion___14___OCT04_primera_t4_461__-Corte-guardo.__metadata-informacion.-Zona-Sur-3.-Probo-abrigo..mp4
"L47__dia__accion___42___MIGUEL1testcamara_3_19__Corte,-caminar_MIGUEL3.npy",47,train,1.017,597,156,1271,830,25,dia,"accion___42___MIGUEL1testcamara_3_19__Corte,-caminar_MIGUEL3.mp4"
"L48__todo_showroom__accion___14___showroom_ROBO_JOSE_1_2024-12-16_13-02-13_no_obvio_testTOMA_DE_DATOS_2_129__-Corte,-termino.-Corte,-termino.-Corte,-termino..npy",48,train,1.053,946,224,1294,572,25,todo_showroom,"accion___14___showroom_ROBO_JOSE_1_2024-12-16_13-02-13_no_obvio_testTOMA_DE_DATOS_2_129__-Corte,-termino.-Corte,-termino.-Corte,-termino..mp4"
"L03__dia__accion___3___JUAN15ABRILtestcamara_2_139__Corte,-sacar._JUAN13.npy",3,train,1.088,969,133,1219,383,25,dia,"accion___3___JUAN15ABRILtestcamara_2_139__Corte,-sacar._JUAN13.mp4"
L04__todo_showroom__accion___4___showroom_ROBO_BONI_1_2024-12-17_10-57-57_obvio_testTOMA_DE_DATOS_1_5__.npy,4,val,1.034,875,141,1181,447,25,todo_showroom,accion___4___showroom_ROBO_BONI_1_2024-12-17_10-57-57_obvio_testTOMA_DE_DATOS_1_5__.mp4
L12__dia__accion___12___MIGUEL1testcamara_1_305__corte-dejar_MIGUEL4.npy,12,train,1.085,885,105,1120,340,25,dia,accion___12___MIGUEL1testcamara_1_305__corte-dejar_MIGUEL4.mp4
L03__ainhoa__accion___3___SEP30_t1_777__-corte-saco.__metadata-informacion.-Zona-norte-3.-Objeto-pantaron.-Categoria-textil.-Robo-bolso..npy,3,train,1.09,635,245,962,572,25,ainhoa,accion___3___SEP30_t1_777__-corte-saco.__metadata-informacion.-Zona-norte-3.-Objeto-pantaron.-Categoria-textil.-Robo-bolso..mp4
L12__dia__accion___12___MIGUEL1testcamara_1_172__Corte-carrito_MIGUEL3.npy,12,train,1.033,661,77,859,275,25,dia,accion___12___MIGUEL1testcamara_1_172__Corte-carrito_MIGUEL3.mp4
L10__ainhoa__accion___10___OCT10_abrigost3_58__-Corte-Sostengo__metadata-informacion-Zona-norte-4-Robo-abrigo.npy,10,train,1.098,870,112,1173,415,25,ainhoa,accion___10___OCT10_abrigost3_58__-Corte-Sostengo__metadata-informacion-Zona-norte-4-Robo-abrigo.mp4
"L31__ainhoa__accion___31___zapatot1_79__-Corte,-quitar..npy",31,train,1.088,654,176,942,464,25,ainhoa,"accion___31___zapatot1_79__-Corte,-quitar..mp4"
L47__dia__accion___42___MIGUEL1testcamara_1_35__Corte-camino._JOSESEC3.npy,47,train,1.095,798,104,1166,472,25,dia,accion___42___MIGUEL1testcamara_1_35__Corte-camino._JOSESEC3.mp4
L40__ainhoa__accion___40___corrert4_1__-corte.npy,40,train,1.1,541,204,888,551,25,ainhoa,accion___40___corrert4_1__-corte.mp4
L48__doblar_sobreponer__02-13-21-23-57 camara 1 - 57-640.npy,48,train,1.015,934,213,1214,493,8,doblar_sobreponer,02-13-21-23-57 camara 1 - 57-640.mp4
L12__dia__accion___12___MIGUEL1testcamara_4_64__Corte-carrito_JOSESEC3.npy,12,val,1.089,343,275,792,724,25,dia,accion___12___MIGUEL1testcamara_4_64__Corte-carrito_JOSESEC3.mp4
"L01__ainhoa__accion___1___OCT01_primera_t2_127__-corte,-agarra.__metadata-informacion-Zona-sur-1-Objeto-Falda-Categoria-textil-Robo-bolsillo.npy",1,train,1.017,830,131,995,296,25,ainhoa,"accion___1___OCT01_primera_t2_127__-corte,-agarra.__metadata-informacion-Zona-sur-1-Objeto-Falda-Categoria-textil-Robo-bolsillo.mp4"
"L01__ainhoa__accion___1___OCT01_primera_t1_1042__-Corte,-agarro__metadata-informacion-Zona-norte-2-Objeto-camiseta-Categoria-textil-Robo-bolsillo.npy",1,train,1.066,913,182,1171,440,25,ainhoa,"accion___1___OCT01_primera_t1_1042__-Corte,-agarro__metadata-informacion-Zona-norte-2-Objeto-camiseta-Categoria-textil-Robo-bolsillo.mp4"
"L01__dia__accion___1___JUAN15ABRILtestcamara_3_145__Corte,-tomar._JUAN7.npy",1,train,1.026,425,115,951,641,25,dia,"accion___1___JUAN15ABRILtestcamara_3_145__Corte,-tomar._JUAN7.mp4"
"L00__ainhoa__accion___0___SEP30_t3_1002__-Corte,-sostengo__metadata-informacion-Zona-norte-3-Objeto-Camisa-Categoria-Textil-Robo-abrigo.npy",0,train,1.017,786,763,1090,1067,25,ainhoa,"accion___0___SEP30_t3_1002__-Corte,-sostengo__metadata-informacion-Zona-norte-3-Objeto-Camisa-Categoria-Textil-Robo-abrigo.mp4"
L11__dia__accion___9___JUAN15ABRILtestcamara_3_64__Corte-topar._JUAN5.npy,11,train,1.038,530,119,923,512,25,dia,accion___9___JUAN15ABRILtestcamara_3_64__Corte-topar._JUAN5.mp4
"L01__ainhoa__accion___1___SEP26_primera_t3_965__-Corte,-agarro.__metadata-informacion.-Zona-norte-4.-Objeto-camisa.-Categoria-textil.-Robo-bolso..npy",1,train,1.041,925,129,1227,431,25,ainhoa,"accion___1___SEP26_primera_t3_965__-Corte,-agarro.__metadata-informacion.-Zona-norte-4.-Objeto-camisa.-Categoria-textil.-Robo-bolso..mp4"
"L00__ainhoa__accion___0___OCT01_primera_t1_1354__-Corte,-sostengo__metadata-informacion.-Zona-centro-1.-Objeto-pantalon.-Categoria-textil.-Robo-bolsillo..npy",0,train,1.004,874,157,1081,364,25,ainhoa,"accion___0___OCT01_primera_t1_1354__-Corte,-sostengo__metadata-informacion.-Zona-centro-1.-Objeto-pantalon.-Categoria-textil.-Robo-bolsillo..mp4"
L35__ainhoa__accion___35___bolsot4_42__-corte-agarro.npy,35,train,1.051,697,119,933,355,25,ainhoa,accion___35___bolsot4_42__-corte-agarro.mp4
L40__ainhoa__accion___40___corrert4_34__-Corte..npy,40,train,1.027,452,460,910,918,25,ainhoa,accion___40___corrert4_34__-Corte..mp4
L12__dia__accion___12___MIGUEL1testcamara_2_46__Corte-carrito_JOSESEC3.npy,12,train,1.03,826,139,1059,372,25,dia,accion___12___MIGUEL1testcamara_2_46__Corte-carrito_JOSESEC3.mp4
L46__dia__accion___46___JUAN15ABRILtestcamara_2_26__Corte-dar-vueltas_JOSE2.npy,46,train,1.046,546,223,1001,678,25,dia,accion___46___JUAN15ABRILtestcamara_2_26__Corte-dar-vueltas_JOSE2.mp4
"L02__ainhoa__accion___2___SEP26_primera_t1_1157__-Corte,-dejo.__metadata-informacion.-Zona-Sur-1-Objeto-falda-Categoria-textil-Robo-bolso.npy",2,train,1.057,582,138,784,340,25,ainhoa,"accion___2___SEP26_primera_t1_1157__-Corte,-dejo.__metadata-informacion.-Zona-Sur-1-Objeto-falda-Categoria-textil-Robo-bolso.mp4"
"L02__dia__accion___2___JUAN15ABRILtestcamara_2_86__Corte,-dejar-carrito._JUAN5.npy",2,train,1.048,801,170,1134,503,25,dia,"accion___2___JUAN15ABRILtestcamara_2_86__Corte,-dejar-carrito._JUAN5.mp4"
L04__todo_showroom__accion___4___showroom_ROBO_BONI_2_2024-12-17_12-10-28_obvio_testTOMA_DE_DATOS_1_239__-corto-termino.npy,4,val,1.036,875,102,1107,334,25,todo_showroom,accion___4___showroom_ROBO_BONI_2_2024-12-17_12-10-28_obvio_testTOMA_DE_DATOS_1_239__-corto-termino.mp4
L00__dia__accion___0___JUAN15ABRILtestcamara_4_40__Corte-leer_AINHOA5.npy,0,train,1.006,542,250,827,535,25,dia,accion___0___JUAN15ABRILtestcamara_4_40__Corte-leer_AINHOA5.mp4
"L03__dia__accion___3___JUAN15ABRILtestcamara_3_41__Corte,-sacar_JUAN14.npy",3,val,1.02,546,255,1058,767,25,dia,"accion___3___JUAN15ABRILtestcamara_3_41__Corte,-sacar_JUAN14.mp4"
"L04__todo_showroom__accion___4___showroom_ROBO_BONI_2_2024-12-17_12-10-28_obvio_testTOMA_DE_DATOS_2_416__-Corte,-termino..npy",4,train,1.07,969,153,1275,459,25,todo_showroom,"accion___4___showroom_ROBO_BONI_2_2024-12-17_12-10-28_obvio_testTOMA_DE_DATOS_2_416__-Corte,-termino..mp4"
"L40__ainhoa__accion___40___corrert4_19__-corte,-correr.npy",40,train,1.011,165,138,916,889,25,ainhoa,"accion___40___corrert4_19__-corte,-correr.mp4"
L43__ainhoa__accion___43___llamart3_74__-Corte-y-amalle..npy,43,train,1.078,440,111,1213,884,25,ainhoa,accion___43___llamart3_74__-Corte-y-amalle..mp4
L43__ainhoa__accion___43___llamart2_35__-Corte-llamar..npy,43,train,1.024,792,131,1096,435,25,ainhoa,accion___43___llamart2_35__-Corte-llamar..mp4
L04__todo_showroom__accion___4___showroom_ROBO_BONI_2_2024-12-17_12-10-28_obvio_testTOMA_DE_DATOS_3_209__-Corto-termino.-Corto-termino..npy,4,val,1.027,377,282,892,797,25,todo_showroom,accion___4___showroom_ROBO_BONI_2_2024-12-17_12-10-28_obvio_testTOMA_DE_DATOS_3_209__-Corto-termino.-Corto-termino..mp4
L14__dia__accion___14___MIGUEL1testcamara_4_293__Corte-guardar._MIGUEL4.npy,14,train,1.095,540,177,959,596,25,dia,accion___14___MIGUEL1testcamara_4_293__Corte-guardar._MIGUEL4.mp4
"L03__dia__accion___3___JUAN15ABRILtestcamara_2_111__Corte,-sacar_AINHOA3.npy",3,train,1.03,1022,161,1201,340,25,dia,"accion___3___JUAN15ABRILtestcamara_2_111__Corte,-sacar_AINHOA3.mp4"
L40__ainhoa__accion___40___corrert2_14__-correr.npy,40,train,1.096,846,124,1125,403,25,ainhoa,accion___40___corrert2_14__-correr.mp4
L13__dia__accion___13___MIGUEL1testcamara_3_467__Corte-sacar._MIGUEL5.npy,13,train,1.029,1139,339,1621,821,25,dia,accion___13___MIGUEL1testcamara_3_467__Corte-sacar._MIGUEL5.mp4
L02__dia__accion___2___MIGUEL1testcamara_2_454__Corte-dejar._MIGUEL2.npy,2,train,1.066,1019,145,1250,376,25,dia,accion___2___MIGUEL1testcamara_2_454__Corte-dejar._MIGUEL2.mp4
L01__dia__accion___1___MIGUEL1testcamara_1_447__Corte-agarrar_MIGUEL2.npy,1,train,1.061,867,90,1082,305,25,dia,accion___1___MIGUEL1testcamara_1_447__Corte-agarrar_MIGUEL2.mp4
L29__ainhoa__accion___29___sentarset1_20__-corte-abajo.npy,29,train,1.036,820,122,1012,314,25,ainhoa,accion___29___sentarset1_20__-corte-abajo.mp4
"L04__ainhoa__accion___4___obvio_SEP26_primera_t1_1250__-Corte,-guardo.__metadata-informacion-Zona-sur-3-Objeto-camiseta-Categoria-textil-Robo-bolso.npy",4,train,1.071,829,114,1029,314,25,ainhoa,"accion___4___obvio_SEP26_primera_t1_1250__-Corte,-guardo.__metadata-informacion-Zona-sur-3-Objeto-camiseta-Categoria-textil-Robo-bolso.mp4"
L02__dia__accion___2___JUAN15ABRILtestcamara_1_108__Corte-carrito._JUAN5.npy,2,train,1.028,603,157,972,526,25,dia,accion___2___JUAN15ABRILtestcamara_1_108__Corte-carrito._JUAN5.mp4
"L41__ainhoa__accion___41___gafast4_44__-Corte,-poner..npy",41,train,1.071,568,231,939,602,25,ainhoa,"accion___41___gafast4_44__-Corte,-poner..mp4"
"L03__ainhoa__accion___3___OCT01_primera_t1_407__-corte-saco.__metadata-informacion-Zona-centro-2-Objeto,-camisa-Categoria,-textil-Robo,-bolsillo.npy",3,val,1.09,614,175,891,452,25,ainhoa,"accion___3___OCT01_primera_t1_407__-corte-saco.__metadata-informacion-Zona-centro-2-Objeto,-camisa-Categoria,-textil-Robo,-bolsillo.mp4"
L14__dia__accion___14___MIGUEL1testcamara_3_62__Corte-guardar_JOSESEC3.npy,14,train,1.093,632,270,1135,773,25,dia,accion___14___MIGUEL1testcamara_3_62__Corte-guardar_JOSESEC3.mp4
"L38__ainhoa__accion___38___chaquetat4_74__-Corte,-poner.npy",38,train,1.034,152,366,548,762,25,ainhoa,"accion___38___chaquetat4_74__-Corte,-poner.mp4"
"L47__dia__accion___42___MIGUEL1testcamara_2_76__Corte,-caminar_MIGUEL5.npy",47,train,1.098,779,113,1240,574,25,dia,"accion___42___MIGUEL1testcamara_2_76__Corte,-caminar_MIGUEL5.mp4"
"L47__dia__accion___47___JUAN15ABRILtestcamara_2_128__Corte,-cempujo,-cempujo_AINHOA4.npy",47,train,1.094,813,146,1017,350,25,dia,"accion___47___JUAN15ABRILtestcamara_2_128__Corte,-cempujo,-cempujo_AINHOA4.mp4"
L04__todo_showroom__accion___4___showroom_ROBO_BONI_1_2024-12-17_10-57-57_obvio_testTOMA_DE_DATOS_1_18__-corto-termino.npy,4,train,1.022,659,80,857,278,25,todo_showroom,accion___4___showroom_ROBO_BONI_1_2024-12-17_10-57-57_obvio_testTOMA_DE_DATOS_1_18__-corto-termino.mp4
"L01__dia__accion___6___MIGUEL1testcamara_4_144__Corte,-agarro_JOSESEC1.npy",1,train,1.023,312,492,515,695,25,dia,"accion___6___MIGUEL1testcamara_4_144__Corte,-agarro_JOSESEC1.mp4"
"L04__todo_showroom__accion___4___showroom_ROBO_BONI_2_2024-12-17_12-10-28_no-obvio_testTOMA_DE_DATOS_1_415__-Corte,-termino..npy",4,train,1.047,879,140,1179,440,25,todo_showroom,"accion___4___showroom_ROBO_BONI_2_2024-12-17_12-10-28_no-obvio_testTOMA_DE_DATOS_1_415__-Corte,-termino..mp4"
L01__dia__accion___1___JUAN15ABRILtestcamara_2_126__Corte-tomar._JUAN11.npy,1,train,1.082,682,164,998,480,25,dia,accion___1___JUAN15ABRILtestcamara_2_126__Corte-tomar._JUAN11.mp4
L11__dia__accion___11___MIGUEL1testcamara_3_124__Corte-agarrar._MIGUEL5.npy,11,train,1.077,365,438,936,1009,25,dia,accion___11___MIGUEL1testcamara_3_124__Corte-agarrar._MIGUEL5.mp4
"L02__dia__accion___2___JUAN15ABRILtestcamara_4_48__Corte,-carrito_JUAN12.npy",2,train,1.073,181,250,675,744,25,dia,"accion___2___JUAN15ABRILtestcamara_4_48__Corte,-carrito_JUAN12.mp4"
L00__ainhoa__accion___0___cuarta-tirada-14.1_36__--Corte---Sostengo-.npy,0,val,1.07,538,66,823,351,25,ainhoa,accion___0___cuarta-tirada-14.1_36__--Corte---Sostengo-.mp4
L48__todo_showroom__accion___14___showroom_ROBO_BONI_1_2024-12-17_10-57-57_no_obvio_testTOMA_DE_DATOS_1_247__-corto-termino.npy,48,train,1.001,869,110,1151,392,25,todo_showroom,accion___14___showroom_ROBO_BONI_1_2024-12-17_10-57-57_no_obvio_testTOMA_DE_DATOS_1_247__-corto-termino.mp4
L04__ainhoa__accion___4___obvio_SEP26_primera_t2_199__-Corte-guardo.__metadata-informacion-Zona-norte-1-Objeto-camisa-Categoria-textil-Robo-abrigo.npy,4,train,1.082,847,291,1160,604,25,ainhoa,accion___4___obvio_SEP26_primera_t2_199__-Corte-guardo.__metadata-informacion-Zona-norte-1-Objeto-camisa-Categoria-textil-Robo-abrigo.mp4
"L47__dia__accion___47___JUAN15ABRILtestcamara_1_19__Corte,-empujo,-empujo._JUAN7.npy",47,train,1.008,647,83,988,424,25,dia,"accion___47___JUAN15ABRILtestcamara_1_19__Corte,-empujo,-empujo._JUAN7.mp4"
L05__ainhoa__accion___5___segunda-tirada-16.2m_14__-Corte.-16._muy_l4rg0_1.npy,5,train,1.052,541,277,1036,772,25,ainhoa,accion___5___segunda-tirada-16.2m_14__-Corte.-16._muy_l4rg0_1.mp4
L11__ainhoa__accion___11___OCT04_primera_t4_722__-Corte-agarra.__metadata-informacion.-Zona-norte-1.-Robo-abrigo..npy,11,train,1.054,498,137,725,364,25,ainhoa,accion___11___OCT04_primera_t4_722__-Corte-agarra.__metadata-informacion.-Zona-norte-1.-Robo-abrigo..mp4
"L48__todo_showroom__accion___14___showroom_ROBO_MIGUEL_1_2024-12-18_16-51-43_no_obvio_testTOMA_DE_DATOS_4_158__-Corte,-termino..npy",48,train,1.042,113,238,611,736,25,todo_showroom,"accion___14___showroom_ROBO_MIGUEL_1_2024-12-18_16-51-43_no_obvio_testTOMA_DE_DATOS_4_158__-Corte,-termino..mp4"
L02__dia__accion___2___JUAN15ABRILtestcamara_2_136__Corte-carrito._JUAN5.npy,2,train,1.021,868,133,1147,412,25,dia,accion___2___JUAN15ABRILtestcamara_2_136__Corte-carrito._JUAN5.mp4
"L00__ainhoa__accion___0___SEP26_primera_t4_747__-Corte,-sostengo.__metadata-informacion-Zona-norte-1-Objeto-camisa-Categoria-textil-Robo-bolso.npy",0,val,1.095,506,136,751,381,25,ainhoa,"accion___0___SEP26_primera_t4_747__-Corte,-sostengo.__metadata-informacion-Zona-norte-1-Objeto-camisa-Categoria-textil-Robo-bolso.mp4"
L04__dia_guardar__accion___4___obvioJUAN15ABRILtestcamara_2_5__Corte-guardar_AINHOA5.npy,4,train,1.037,896,196,1055,355,25,dia_guardar,accion___4___obvioJUAN15ABRILtestcamara_2_5__Corte-guardar_AINHOA5.mp4
"L04__dia_guardar__accion___4___obvioMIGUEL1testcamara_2_362__Corte,-guardar_MIGUEL2.npy",4,train,1.013,682,197,983,498,25,dia_guardar,"accion___4___obvioMIGUEL1testcamara_2_362__Corte,-guardar_MIGUEL2.mp4"
L04__todo_showroom__accion___4___showroom_ROBO_BONI_2_2024-12-17_12-10-28_obvio_testTOMA_DE_DATOS_1_403__-corte-y-termino..npy,4,val,1.01,663,78,867,282,25,todo_showroom,accion___4___showroom_ROBO_BONI_2_2024-12-17_12-10-28_obvio_testTOMA_DE_DATOS_1_403__-corte-y-termino..mp4
L04__dia_guardar__accion___4___obvioMIGUEL1testcamara_1_236__Corte-guardo_JOSESEC2.npy,4,train,1.014,727,180,1030,483,25,dia_guardar,accion___4___obvioMIGUEL1testcamara_1_236__Corte-guardo_JOSESEC2.mp4
"L00__ainhoa__accion___0___OCT01_primera_t1_1209__-Corte,-sostengo.__metadata-informacion-Zona-norte-4-Objeto-camiseta-Categoria-textil-Robo-bolsillo.npy",0,train,1.021,630,189,880,439,25,ainhoa,"accion___0___OCT01_primera_t1_1209__-Corte,-sostengo.__metadata-informacion-Zona-norte-4-Objeto-camiseta-Categoria-textil-Robo-bolsillo.mp4"
L24__ainhoa__accion___24___relojt2_79__-corte__metadata-informno-metadata.npy,24,train,1.042,871,224,1223,576,25,ainhoa,accion___24___relojt2_79__-corte__metadata-informno-metadata.mp4
L02__dia__accion___2___MIGUEL1testcamara_4_51__Corte-dejar-carrito_ainhoa5.npy,2,train,1.069,444,238,814,608,25,dia,accion___2___MIGUEL1testcamara_4_51__Corte-dejar-carrito_ainhoa5.mp4
L02__dia__accion___2___MIGUEL1testcamara_4_160__Corte-carrito_ainhoa5.npy,2,train,1.045,198,485,466,753,25,dia,accion___2___MIGUEL1testcamara_4_160__Corte-carrito_ainhoa5.mp4
"L48__ainhoa__accion___4___no_obvio_OCT01_primera_t2_154__-Corte,-guardo.__metadata-informacion-Zona-sur-3-Objeto-camisa-Categoria-textil-Robo-bolsillo.npy",48,train,1.013,1011,172,1196,357,25,ainhoa,"accion___4___no_obvio_OCT01_primera_t2_154__-Corte,-guardo.__metadata-informacion-Zona-sur-3-Objeto-camisa-Categoria-textil-Robo-bolsillo.mp4"
"L04__todo_showroom__accion___4___showroom_ROBO_MIGUEL_1_2024-12-18_16-51-43_obvio_testTOMA_DE_DATOS_4_195__-Corte,-termino..npy",4,train,1.051,289,160,708,579,25,todo_showroom,"accion___4___showroom_ROBO_MIGUEL_1_2024-12-18_16-51-43_obvio_testTOMA_DE_DATOS_4_195__-Corte,-termino..mp4"
L02__dia__accion___2___JUAN15ABRILtestcamara_2_54__Corte-dejar-carrito_AINHOA4.npy,2,train,1.045,1034,177,1235,378,25,dia,accion___2___JUAN15ABRILtestcamara_2_54__Corte-dejar-carrito_AINHOA4.mp4
"L02__ainhoa__accion___2___SEP30_t1_402__-Corte,-dejo.__metadata-informacion-Zona-norte-3-Objeto-pantalon-Categoria-textil-Robo-abrigo.npy",2,train,1.041,564,237,885,558,25,ainhoa,"accion___2___SEP30_t1_402__-Corte,-dejo.__metadata-informacion-Zona-norte-3-Objeto-pantalon-Categoria-textil-Robo-abrigo.mp4"
L14__ainhoa__accion___14___OCT04_primera_t3_634__-Corte-guardo.__metadata-informacion.-Zona-norte-2.-Robo-abrigo..npy,14,train,1.055,522,171,825,474,25,ainhoa,accion___14___OCT04_primera_t3_634__-Corte-guardo.__metadata-informacion.-Zona-norte-2.-Robo-abrigo..mp4
"L36__ainhoa__accion___36___botellat1_143__-Corte,-abrir..npy",36,train,1.022,840,157,1067,384,25,ainhoa,"accion___36___botellat1_143__-Corte,-abrir..mp4"
"L02__dia__accion___2___JUAN15ABRILtestcamara_4_120__Corte,-carrito._JUAN7.npy",2,train,1.014,423,123,865,565,25,dia,"accion___2___JUAN15ABRILtestcamara_4_120__Corte,-carrito._JUAN7.mp4"
L03__ainhoa__accion___3___OCT01_primera_t2_596__-Corte-saco.__metadata-informacion-Zona-norte-2-Objeto-sujetador-Categoria-textil-Robo-bolsillo.npy,3,train,1.049,928,235,1186,493,25,ainhoa,accion___3___OCT01_primera_t2_596__-Corte-saco.__metadata-informacion-Zona-norte-2-Objeto-sujetador-Categoria-textil-Robo-bolsillo.mp4
"L24__ainhoa__accion___24___relojt4_175__-Corte,-bajar.-Corte,-bajar.__metadata-informno-metadata.npy",24,train,1.083,460,154,928,622,25,ainhoa,"accion___24___relojt4_175__-Corte,-bajar.-Corte,-bajar.__metadata-informno-metadata.mp4"
"L02__ainhoa__accion___2___OCT01_primera_t3_385__-Corte,-dejo.__metadata-informacion-Zona-norte-4-Objeto-Camiseta-Categoria-textil-Robo-bolsillo.npy",2,train,1.093,877,100,1197,420,25,ainhoa,"accion___2___OCT01_primera_t3_385__-Corte,-dejo.__metadata-informacion-Zona-norte-4-Objeto-Camiseta-Categoria-textil-Robo-bolsillo.mp4"
L04__ainhoa__accion___4___obvio_SEP30_t1_760__-corte-guardo.__metadata-informacion-Zona-sur-3-Objeto-Cinturon-Categoria-textil-Robo-bolso.npy,4,train,1.006,856,125,1041,310,25,ainhoa,accion___4___obvio_SEP30_t1_760__-corte-guardo.__metadata-informacion-Zona-sur-3-Objeto-Cinturon-Categoria-textil-Robo-bolso.mp4
L13__ainhoa__accion___13___OCT09_t2_85__-Corte-Saco__metadata-informacion.-Zona-norte-4.-Robo-bolso..npy,13,train,1.062,660,211,922,473,25,ainhoa,accion___13___OCT09_t2_85__-Corte-Saco__metadata-informacion.-Zona-norte-4.-Robo-bolso..mp4
"L12__dia__accion___12___MIGUEL1testcamara_4_43__Corte,-dejar._MIGUEL5.npy",12,train,1.039,114,333,520,739,25,dia,"accion___12___MIGUEL1testcamara_4_43__Corte,-dejar._MIGUEL5.mp4"
"L02__dia__accion___2___JUAN15ABRILtestcamara_3_48__Corte,-dejar-carrito_JUAN14.npy",2,val,1.017,397,244,945,792,25,dia,"accion___2___JUAN15ABRILtestcamara_3_48__Corte,-dejar-carrito_JUAN14.mp4"
"L01__ainhoa__accion___1___SEP26_primera_t2_933__-corte,-agarro__metadata-informacion-Zona-norte-3-Objeto-pantalon-Categoria-textil-Robo-bolso.npy",1,train,1.077,569,249,880,560,25,ainhoa,"accion___1___SEP26_primera_t2_933__-corte,-agarro__metadata-informacion-Zona-norte-3-Objeto-pantalon-Categoria-textil-Robo-bolso.mp4"
L04__dia_guardar__accion___4___obvioMIGUEL1testcamara_2_366__Corte-guardo_JOSESEC2.npy,4,train,1.083,713,181,1032,500,25,dia_guardar,accion___4___obvioMIGUEL1testcamara_2_366__Corte-guardo_JOSESEC2.mp4
"L02__dia__accion___2___JUAN15ABRILtestcamara_1_40__Corte,-carrito_JUAN11.npy",2,train,1.052,849,79,1131,361,25,dia,"accion___2___JUAN15ABRILtestcamara_1_40__Corte,-carrito_JUAN11.mp4"
L01__dia__accion___1___JUAN15ABRILtestcamara_2_11__Corte-agarrar_JUAN13.npy,1,train,1.058,766,119,1007,360,25,dia,accion___1___JUAN15ABRILtestcamara_2_11__Corte-agarrar_JUAN13.mp4
L01__dia__accion___1___JUAN15ABRILtestcamara_1_108__Corte-tomar._JUAN11.npy,1,train,1.049,714,164,1215,665,25,dia,accion___1___JUAN15ABRILtestcamara_1_108__Corte-tomar._JUAN11.mp4
L02__ainhoa__accion___2___OCT01_primera_t1_123__-Corte-dejo.__metadata-informacion.-Zona-Sur-1.-Objeto-Bufanda.-Categoria-Textil.-Robo-bolsillo..npy,2,val,1.06,646,95,820,269,25,ainhoa,accion___2___OCT01_primera_t1_123__-Corte-dejo.__metadata-informacion.-Zona-Sur-1.-Objeto-Bufanda.-Categoria-Textil.-Robo-bolsillo..mp4
L36__ainhoa__accion___36___botellat4_131__-Corte-abrir.npy,36,train,1.06,674,123,1037,486,25,ainhoa,accion___36___botellat4_131__-Corte-abrir.mp4
L10__ainhoa__accion___10___OCT09_t3_201__-Corte-Sostengo__metadata-informacion.-Zona-centro-2.-Robo-bolso..npy,10,val,1.0,990,233,1322,565,25,ainhoa,accion___10___OCT09_t3_201__-Corte-Sostengo__metadata-informacion.-Zona-centro-2.-Robo-bolso..mp4
L46__dia__accion___46___JUAN15ABRILtestcamara_1_101__Corte-dar-vueltas._JUAN11.npy,46,train,1.087,639,71,895,327,25,dia,accion___46___JUAN15ABRILtestcamara_1_101__Corte-dar-vueltas._JUAN11.mp4
L48__dia__accion___7___MIGUEL1testcamara_3_276__Corte-urbo_JOSESEC3.npy,48,train,1.011,709,96,1019,406,25,dia,accion___7___MIGUEL1testcamara_3_276__Corte-urbo_JOSESEC3.mp4
L11__ainhoa__accion___11___OCT04_primera_t1_1027__-Corte-agarro.__metadata-informacion.-Zona-Sur-2.-Robo-abrigo..npy,11,train,1.092,862,101,1038,277,25,ainhoa,accion___11___OCT04_primera_t1_1027__-Corte-agarro.__metadata-informacion.-Zona-Sur-2.-Robo-abrigo..mp4
L04__todo_showroom__accion___4___showroom_ROBO_JOSE_1_2024-12-16_13-02-13_obvio_testTOMA_DE_DATOS_4_89__-Eh-Corte-Camino.npy,4,train,1.068,558,503,1128,1073,25,todo_showroom,accion___4___showroom_ROBO_JOSE_1_2024-12-16_13-02-13_obvio_testTOMA_DE_DATOS_4_89__-Eh-Corte-Camino.mp4
L37__ainhoa__accion___37___botellat2_35__-corte-y-cerrar..npy,37,train,1.037,909,170,1168,429,25,ainhoa,accion___37___botellat2_35__-corte-y-cerrar..mp4
L11__ainhoa__accion___11___OCT04_primera_t3_10__-Corte--Agarro__metadata-informacion.-Zona-norte-3.-Robo-abrigo..npy,11,train,1.039,860,79,1107,326,25,ainhoa,accion___11___OCT04_primera_t3_10__-Corte--Agarro__metadata-informacion.-Zona-norte-3.-Robo-abrigo..mp4
L47__dia__accion___42___MIGUEL1testcamara_4_263__corte-caminar_MIGUEL2.npy,47,val,1.099,203,85,958,840,25,dia,accion___42___MIGUEL1testcamara_4_263__corte-caminar_MIGUEL2.mp4
L10__ainhoa__accion___10___OCT09_t3_502__-Corte-sostengo__metadata-informacion.npy,10,train,1.011,498,264,848,614,25,ainhoa,accion___10___OCT09_t3_502__-Corte-sostengo__metadata-informacion.mp4
L04__ainhoa__accion___4___obvio_OCT01_primera_t1_1336__-Corte-guardo.__metadata-informacion.-Zona-centro-1.-Objeto-pantalon.-Categoria-textil.-Robo-bolsillo..npy,4,train,1.095,852,118,1052,318,25,ainhoa,accion___4___obvio_OCT01_primera_t1_1336__-Corte-guardo.__metadata-informacion.-Zona-centro-1.-Objeto-pantalon.-Categoria-textil.-Robo-bolsillo..mp4
L14__dia__accion___14___MIGUEL1testcamara_2_440__Corte-guardo_JOSESEC3.npy,14,val,1.037,774,134,1003,363,25,dia,accion___14___MIGUEL1testcamara_2_440__Corte-guardo_JOSESEC3.mp4
L04__todo_showroom__accion___4___showroom_ROBO_BONI_1_2024-12-17_10-57-57_obvio_testTOMA_DE_DATOS_2_318__-corto-termino.npy,4,train,1.009,1006,161,1243,398,25,todo_showroom,accion___4___showroom_ROBO_BONI_1_2024-12-17_10-57-57_obvio_testTOMA_DE_DATOS_2_318__-corto-termino.mp4
L48__todo_showroom__accion___14___showroom_ROBO_BONI_1_2024-12-17_10-57-57_no_obvio_testTOMA_DE_DATOS_3_33__-corto-termino.npy,48,train,1.079,524,64,834,374,25,todo_showroom,accion___14___showroom_ROBO_BONI_1_2024-12-17_10-57-57_no_obvio_testTOMA_DE_DATOS_3_33__-corto-termino.mp4
"L12__ainhoa__accion___12___OCT04_primera_t1_337__-Corte,-dejo.__metadata-informacion.-Zona-Sur-1.-Robo-abrigo..npy",12,train,1.096,633,94,810,271,25,ainhoa,"accion___12___OCT04_primera_t1_337__-Corte,-dejo.__metadata-informacion.-Zona-Sur-1.-Robo-abrigo..mp4"
L01__dia__accion___1___JUAN15ABRILtestcamara_2_21__Corte-agarrar._JUAN2.npy,1,train,1.091,978,130,1242,394,25,dia,accion___1___JUAN15ABRILtestcamara_2_21__Corte-agarrar._JUAN2.mp4
"L01__ainhoa__accion___1___SEP30_t1_726__-corte,-agarro__metadata-informacion.-Zona-norte-1.-Objeto-sujetador.-Categoria-textil.-Robo-bolso..npy",1,train,1.007,926,239,1217,530,25,ainhoa,"accion___1___SEP30_t1_726__-corte,-agarro__metadata-informacion.-Zona-norte-1.-Objeto-sujetador.-Categoria-textil.-Robo-bolso..mp4"
L13__ainhoa__accion___13___OCT10_bolsost2_437__-Corte-Saco__metadata-informacion.-Zona-norte-1.-Robo-bolso..npy,13,train,1.075,895,287,1213,605,25,ainhoa,accion___13___OCT10_bolsost2_437__-Corte-Saco__metadata-informacion.-Zona-norte-1.-Robo-bolso..mp4
L01__ainhoa__accion___1___SEP30_t3_598__-agarro.__metadata-informacion.-Zona-sur-2.-Objeto-blusa.-Categoria-textil.-Robo-bolso.-Corte-inicio..npy,1,val,1.036,449,493,1036,1080,25,ainhoa,accion___1___SEP30_t3_598__-agarro.__metadata-informacion.-Zona-sur-2.-Objeto-blusa.-Categoria-textil.-Robo-bolso.-Corte-inicio..mp4
L04__todo_showroom__accion___4___showroom_ROBO_BONI_1_2024-12-17_10-57-57_obvio_testTOMA_DE_DATOS_2_233__-corto-termino.npy,4,train,1.081,887,219,1281,613,25,todo_showroom,accion___4___showroom_ROBO_BONI_1_2024-12-17_10-57-57_obvio_testTOMA_DE_DATOS_2_233__-corto-termino.mp4
L02__dia__accion___2___JUAN15ABRILtestcamara_3_37__corte-carrito_AINHOA6.npy,2,train,1.059,711,423,1164,876,25,dia,accion___2___JUAN15ABRILtestcamara_3_37__corte-carrito_AINHOA6.mp4
L48__dia_guardar__accion___4___no_obvioMIGUEL1testcamara_4_160__Corte-guardar_ainhoa6.npy,48,val,1.047,497,254,824,581,25,dia_guardar,accion___4___no_obvioMIGUEL1testcamara_4_160__Corte-guardar_ainhoa6.mp4
L48__dia__accion___7___MIGUEL1testcamara_4_36__Corte-urbo_JOSESEC2.npy,48,train,1.088,585,151,819,385,25,dia,accion___7___MIGUEL1testcamara_4_36__Corte-urbo_JOSESEC2.mp4
"L02__ainhoa__accion___2___SEP30_t4_127__-Corte,-dejo.__metadata-informacion.-Zona-sur-4.-Objeto-zapato.-Categoria-textil.-Robo-abrigo..npy",2,train,1.075,685,325,1113,753,25,ainhoa,"accion___2___SEP30_t4_127__-Corte,-dejo.__metadata-informacion.-Zona-sur-4.-Objeto-zapato.-Categoria-textil.-Robo-abrigo..mp4"
"L48__todo_showroom__accion___14___showroom_ROBO_JOSE_2_2024-12-20_12-37-49_no_obvio_testTOMA_DE_DATOS_3_19__-Corte,-termino..npy",48,train,1.059,1062,321,1648,907,25,todo_showroom,"accion___14___showroom_ROBO_JOSE_2_2024-12-20_12-37-49_no_obvio_testTOMA_DE_DATOS_3_19__-Corte,-termino..mp4"
"L00__ainhoa__accion___0___SEP26_primera_t1_98__-Corte-Sostengo__metadata-informacion,-zona-centro-2-Objeto-gorra-Categoria-textil-Robo-abrigo.npy",0,train,1.032,626,166,849,389,25,ainhoa,"accion___0___SEP26_primera_t1_98__-Corte-Sostengo__metadata-informacion,-zona-centro-2-Objeto-gorra-Categoria-textil-Robo-abrigo.mp4"
L48__ainhoa__accion___4___no_obvio_SEP26_primera_t3_582__-Corte-guardo.__metadata-informacion-Zona-norte-1-Objeto-camisa-Categoria-textil-Robo-bolso.npy,48,train,1.096,550,106,819,375,25,ainhoa,accion___4___no_obvio_SEP26_primera_t3_582__-Corte-guardo.__metadata-informacion-Zona-norte-1-Objeto-camisa-Categoria-textil-Robo-bolso.mp4
L11__dia__accion___24___JUAN15ABRILtestcamara_4_294__corte-bajar-la-mano_JOSE2.npy,11,train,1.039,665,210,1135,680,25,dia,accion___24___JUAN15ABRILtestcamara_4_294__corte-bajar-la-mano_JOSE2.mp4
L48__dia__accion___7___MIGUEL1testcamara_1_144__Corte-urgar._JOSESEC3.npy,48,train,1.061,767,197,1085,515,25,dia,accion___7___MIGUEL1testcamara_1_144__Corte-urgar._JOSESEC3.mp4
L48__dia_guardar__accion___4___no_obvioJUAN15ABRILtestcamara_3_7__Corte-guardar_AINHOA3.npy,48,val,1.014,584,566,1002,984,25,dia_guardar,accion___4___no_obvioJUAN15ABRILtestcamara_3_7__Corte-guardar_AINHOA3.mp4
L12__dia__accion___12___MIGUEL1testcamara_4_61__corte-carrito_MIGUEL4.npy,12,train,1.025,509,111,779,381,25,dia,accion___12___MIGUEL1testcamara_4_61__corte-carrito_MIGUEL4.mp4
L02__dia__accion___2___JUAN15ABRILtestcamara_4_89__Corte-carrito._JUAN12.npy,2,train,1.012,206,139,918,851,25,dia,accion___2___JUAN15ABRILtestcamara_4_89__Corte-carrito._JUAN12.mp4
L29__ainhoa__accion___29___sentarset3_71__-corte-abajo.npy,29,train,1.064,875,194,1241,560,25,ainhoa,accion___29___sentarset3_71__-corte-abajo.mp4
"L02__ainhoa__accion___2___OCT01_primera_t1_763__-corte,-dejo__metadata-informacion-Zona-sur-1-Objeto-camisa-Categoria-textil-Robo-bolsillo.npy",2,train,1.006,630,98,797,265,25,ainhoa,"accion___2___OCT01_primera_t1_763__-corte,-dejo__metadata-informacion-Zona-sur-1-Objeto-camisa-Categoria-textil-Robo-bolsillo.mp4"
L04__todo_showroom__accion___4___showroom_ROBO_BONI_2_2024-12-17_12-10-28_no-obvio_testTOMA_DE_DATOS_2_8__-Corto-termino.-Corto-termino..npy,4,train,1.091,922,158,1295,531,25,todo_showroom,accion___4___showroom_ROBO_BONI_2_2024-12-17_12-10-28_no-obvio_testTOMA_DE_DATOS_2_8__-Corto-termino.-Corto-termino..mp4
"L24__ainhoa__accion___24___relojt2_161__-Corte,-bajar.__metadata-informno-metadata.npy",24,val,1.026,857,180,1096,419,25,ainhoa,"accion___24___relojt2_161__-Corte,-bajar.__metadata-informno-metadata.mp4"
L04__ainhoa__accion___4___obvio_SEP30_t2_237__-corte-y-guardo.__metadata-informacion.-Zona-sur-3.-Objeto-camiseta.-Categoria-textil.-Robo-abrigo..npy,4,train,1.01,1010,175,1196,361,25,ainhoa,accion___4___obvio_SEP30_t2_237__-corte-y-guardo.__metadata-informacion.-Zona-sur-3.-Objeto-camiseta.-Categoria-textil.-Robo-abrigo..mp4
"L04__todo_showroom__accion___4___showroom_ROBO_BONI_3_2024-12-18_09-06-24_obvio_testTOMA_DE_DATOS_3_116__-Corto,-termino..npy",4,train,1.076,492,128,888,524,25,todo_showroom,"accion___4___showroom_ROBO_BONI_3_2024-12-18_09-06-24_obvio_testTOMA_DE_DATOS_3_116__-Corto,-termino..mp4"
"L32__ainhoa__accion___32___aplaudirt3_34__-Corte,-aplaudir..npy",32,train,1.008,571,243,1319,991,25,ainhoa,"accion___32___aplaudirt3_34__-Corte,-aplaudir..mp4"
L12__ainhoa__accion___12___OCT04_primera_t1_754__-Corte-vejo__metadata-informacion.-Zona-norte-1.-Robo-abrigo..npy,12,train,1.003,991,248,1277,534,25,ainhoa,accion___12___OCT04_primera_t1_754__-Corte-vejo__metadata-informacion.-Zona-norte-1.-Robo-abrigo..mp4
L11__ainhoa__accion___11___OCT04_primera_t2_1296__-Corte--Agarro__metadata-informacion.-Zona-norte-4.-Robo-abrigo..npy,11,train,1.01,645,213,890,458,25,ainhoa,accion___11___OCT04_primera_t2_1296__-Corte--Agarro__metadata-informacion.-Zona-norte-4.-Robo-abrigo..mp4
"L34__ainhoa__accion___34___bolsot4_126__-corte,-dejo.npy",34,train,1.018,525,287,880,642,25,ainhoa,"accion___34___bolsot4_126__-corte,-dejo.mp4"
L03__dia__accion___3___JUAN15ABRILtestcamara_3_83__Corte-sacar_JOSE2.npy,3,train,1.02,562,41,867,346,25,dia,accion___3___JUAN15ABRILtestcamara_3_83__Corte-sacar_JOSE2.mp4
L03__ainhoa__accion___3___SEP26_primera_t1_700__-corte-saco.__metadata-informacion-Zona-norte-3-Objeto-pantalon-Categoria-textil-Robo-bolso.npy,3,train,1.016,810,127,997,314,25,ainhoa,accion___3___SEP26_primera_t1_700__-corte-saco.__metadata-informacion-Zona-norte-3-Objeto-pantalon-Categoria-textil-Robo-bolso.mp4
L46__dia__accion___46___JUAN15ABRILtestcamara_4_9__Corte-dar-vuelta_AINHOA5.npy,46,train,1.097,467,254,828,615,25,dia,accion___46___JUAN15ABRILtestcamara_4_9__Corte-dar-vuelta_AINHOA5.mp4
L13__ainhoa__accion___13___OCT04_primera_t4_419__-Corte-saco__metadata-informacion.-Zona-Sur-3.-Probo-abrigo..npy,13,train,1.047,215,394,591,770,25,ainhoa,accion___13___OCT04_primera_t4_419__-Corte-saco__metadata-informacion.-Zona-Sur-3.-Probo-abrigo..mp4
"L03__ainhoa__accion___3___SEP26_primera_t2_1251__-Corte,-saco.__metadata-informacion-Zona-sur-3-Objeto-camiseta-Categoria-textil-Robo-bolso.npy",3,train,1.056,1000,169,1196,365,25,ainhoa,"accion___3___SEP26_primera_t2_1251__-Corte,-saco.__metadata-informacion-Zona-sur-3-Objeto-camiseta-Categoria-textil-Robo-bolso.mp4"
"L04__todo_showroom__accion___4___showroom_ROBO_JOSE_2_2024-12-20_12-37-49_obvio_testTOMA_DE_DATOS_2_19__-Corte,-termino..npy",4,train,1.066,815,116,1027,328,25,todo_showroom,"accion___4___showroom_ROBO_JOSE_2_2024-12-20_12-37-49_obvio_testTOMA_DE_DATOS_2_19__-Corte,-termino..mp4"
"L48__todo_showroom__accion___14___showroom_ROBO_BONI_1_2024-12-17_10-57-57_no_obvio_testTOMA_DE_DATOS_3_268__-corto,-termino..npy",48,train,1.078,446,52,872,478,25,todo_showroom,"accion___14___showroom_ROBO_BONI_1_2024-12-17_10-57-57_no_obvio_testTOMA_DE_DATOS_3_268__-corto,-termino..mp4"
"L11__ainhoa__accion___11___OCT10_bolsillost4_392__-Corte,-agarro..npy",11,train,1.001,416,182,685,451,25,ainhoa,"accion___11___OCT10_bolsillost4_392__-Corte,-agarro..mp4"
L48__todo_showroom__accion___14___showroom_ROBO_JOSE_1_2024-12-16_13-02-13_no_obvio_testTOMA_DE_DATOS_1_46__-corte-termino.npy,48,train,1.028,800,101,1013,314,25,todo_showroom,accion___14___showroom_ROBO_JOSE_1_2024-12-16_13-02-13_no_obvio_testTOMA_DE_DATOS_1_46__-corte-termino.mp4
"L47__dia__accion___42___MIGUEL1testcamara_2_387__Corte,-caminar_MIGUEL4.npy",47,val,1.087,938,123,1218,403,25,dia,"accion___42___MIGUEL1testcamara_2_387__Corte,-caminar_MIGUEL4.mp4"
L14__dia__accion___14___MIGUEL1testcamara_1_275__Corte-guardar_MIGUEL4.npy,14,val,1.083,908,162,1245,499,25,dia,accion___14___MIGUEL1testcamara_1_275__Corte-guardar_MIGUEL4.mp4
L11__dia__accion___24___JUAN15ABRILtestcamara_1_80__Corte-Bajar-mano_AINHOA4.npy,11,train,1.046,571,98,822,349,25,dia,accion___24___JUAN15ABRILtestcamara_1_80__Corte-Bajar-mano_AINHOA4.mp4
L47__dia__accion___42___MIGUEL1testcamara_3_29__Corte-camino_JOSESEC3.npy,47,train,1.063,719,48,1213,542,25,dia,accion___42___MIGUEL1testcamara_3_29__Corte-camino_JOSESEC3.mp4
L47__dia__accion___47___JUAN15ABRILtestcamara_1_113__Corte-empujo-empujo._JUAN11.npy,47,val,1.002,780,249,1611,1080,25,dia,accion___47___JUAN15ABRILtestcamara_1_113__Corte-empujo-empujo._JUAN11.mp4
"L02__dia__accion___2___MIGUEL1testcamara_4_45__Corte,-dejo_JOSESEC1.npy",2,train,1.008,328,490,535,697,25,dia,"accion___2___MIGUEL1testcamara_4_45__Corte,-dejo_JOSESEC1.mp4"
"L02__dia__accion___2___JUAN15ABRILtestcamara_3_49__Corte,-carrito._JUAN6.npy",2,train,1.098,803,63,1217,477,25,dia,"accion___2___JUAN15ABRILtestcamara_3_49__Corte,-carrito._JUAN6.mp4"
L04__todo_showroom__accion___4___showroom_ROBO_BONI_2_2024-12-17_12-10-28_no-obvio_testTOMA_DE_DATOS_4_135__-corto-termino.npy,4,train,1.078,126,350,558,782,25,todo_showroom,accion___4___showroom_ROBO_BONI_2_2024-12-17_12-10-28_no-obvio_testTOMA_DE_DATOS_4_135__-corto-termino.mp4
L14__dia__accion___14___MIGUEL1testcamara_2_320__Corte-guardo_JOSESEC3.npy,14,train,1.052,806,145,1049,388,25,dia,accion___14___MIGUEL1testcamara_2_320__Corte-guardo_JOSESEC3.mp4
L47__dia__accion___42___MIGUEL1testcamara_3_450__corte-caminar_MIGUEL4.npy,47,train,1.039,723,265,1538,1080,25,dia,accion___42___MIGUEL1testcamara_3_450__corte-caminar_MIGUEL4.mp4
L02__dia__accion___2___JUAN15ABRILtestcamara_2_73__corte-dejar-carrito_AINHOA4.npy,2,train,1.095,1025,158,1239,372,25,dia,accion___2___JUAN15ABRILtestcamara_2_73__corte-dejar-carrito_AINHOA4.mp4
"L14__ainhoa__accion___14___OCT04_primera_t3_577__-Corte,-guardo.__metadata-informacion.-Zona-norte-2.-Robo-abrigo..npy",14,train,1.089,521,156,837,472,25,ainhoa,"accion___14___OCT04_primera_t3_577__-Corte,-guardo.__metadata-informacion.-Zona-norte-2.-Robo-abrigo..mp4"
"L04__todo_showroom__accion___4___showroom_ROBO_BONI_2_2024-12-17_12-10-28_obvio_testTOMA_DE_DATOS_4_157__-Corto,-termino.-Corto,-termino..npy",4,val,1.017,356,152,704,500,25,todo_showroom,"accion___4___showroom_ROBO_BONI_2_2024-12-17_12-10-28_obvio_testTOMA_DE_DATOS_4_157__-Corto,-termino.-Corto,-termino..mp4"
L48__dia__accion___7___JUAN15ABRILtestcamara_3_176__Corte-hurgar_AINHOA6.npy,48,val,1.048,361,418,797,854,25,dia,accion___7___JUAN15ABRILtestcamara_3_176__Corte-hurgar_AINHOA6.mp4
"L02__ainhoa__accion___2___OCT01_primera_t2_1400__-corte,-dejo__metadata-informacion-Zona-norte-2-Objeto-camiseta-Categoria-textil-Robo-bolsillo.npy",2,train,1.01,984,238,1234,488,25,ainhoa,"accion___2___OCT01_primera_t2_1400__-corte,-dejo__metadata-informacion-Zona-norte-2-Objeto-camiseta-Categoria-textil-Robo-bolsillo.mp4"
L00__ainhoa__accion___0___SEP26_primera_t3_1101__-Corte-sostengo.__metadata-informacion.-Zona-centro-2.-Objeto-zapato.-Categoria-textil.-Robo-bolso..npy,0,train,1.044,887,208,1241,562,25,ainhoa,accion___0___SEP26_primera_t3_1101__-Corte-sostengo.__metadata-informacion.-Zona-centro-2.-Objeto-zapato.-Categoria-textil.-Robo-bolso..mp4
L36__ainhoa__accion___36___botellat3_131__-Corte-abrir.npy,36,train,1.041,799,76,1177,454,25,ainhoa,accion___36___botellat3_131__-Corte-abrir.mp4
L12__dia__accion___12___MIGUEL1testcamara_3_411__corte-carrito_MIGUEL3.npy,12,train,1.027,632,49,922,339,25,dia,accion___12___MIGUEL1testcamara_3_411__corte-carrito_MIGUEL3.mp4
L03__ainhoa__accion___3___OCT01_primera_t1_171__-corte-saco.__metadata-informacion.-Zona-sur-3.-Objeto-cinturon.-Categoria-textil.-Robo-bolsillo..npy,3,train,1.093,856,116,1051,311,25,ainhoa,accion___3___OCT01_primera_t1_171__-corte-saco.__metadata-informacion.-Zona-sur-3.-Objeto-cinturon.-Categoria-textil.-Robo-bolsillo..mp4
"L11__ainhoa__accion___11___OCT03_primera_t1_346__-Corte,-agarro.__metadata-informacion,-zona-norte-3,-robo,-bolso..npy",11,train,1.052,577,237,892,552,25,ainhoa,"accion___11___OCT03_primera_t1_346__-Corte,-agarro.__metadata-informacion,-zona-norte-3,-robo,-bolso..mp4"
"L14__ainhoa__accion___14___OCT03_primera_t1_325__-Corte,-guardo.__metadata-informacion.-Zona-norte-1.-Robo-bolso..npy",14,train,1.08,963,248,1262,547,25,ainhoa,"accion___14___OCT03_primera_t1_325__-Corte,-guardo.__metadata-informacion.-Zona-norte-1.-Robo-bolso..mp4"
L11__ainhoa__accion___11___OCT09_t4_457__-corte-agarro.__metadata-informacion.-Zona-Centro-1.-Robo-bolso..npy,11,train,1.098,284,235,645,596,25,ainhoa,accion___11___OCT09_t4_457__-corte-agarro.__metadata-informacion.-Zona-Centro-1.-Robo-bolso..mp4
"L36__ainhoa__accion___36___botellat3_84__-Corte,-abrir.npy",36,train,1.086,1170,637,1613,1080,25,ainhoa,"accion___36___botellat3_84__-Corte,-abrir.mp4"
